cpu_usage,temperature,power,frequency,fan_rpm
33.3,49.6175460025442,22.96,1275.7,29.322743510423017
6.8,50.94955775162926,32.49,1302.7,97.6176397961017
5.7,48.82421603012229,25.52,1297.3,126.70662175298477
5.3,48.5726274772358,25.13,1326.7,34.88432087427785
2.1,48.31034012201934,23.89,1159.1,149.92536046692965
1.5,47.290858972066935,23.43,1297.6,149.54281798509527
1.2,46.61347733802054,22.92,1269.3,101.46470953700712
1.0,46.399253010971556,22.76,1184.2,5.846723166730982
2.1,45.90689014885354,23.68,1119.6,-1.0433488426290225
5.4,45.80349849735996,25.73,1231.6,-15.23835174851316
5.1,45.24583152069117,16.31,1140.7,107.93709153449237
1.0,46.06085492592863,14.01,1223.5,-43.441252899107546
1.6,46.50283067613637,14.35,1272.4,88.66515416914626
2.4,45.70044517853557,14.83,1206.5,-34.4727387235185
1.0,45.84544431018516,13.7,1246.1,98.78378166948214
2.2,46.2560943890691,14.93,1223.8,42.28196607960164
1.1,46.08294090135367,13.77,1203.1,134.38118032538097
1.9,46.20916253714782,14.75,1195.3,120.88570432840305
5.5,45.71141052946103,15.97,1130.0,141.40225510917477
8.5,47.99827932133841,16.28,1563.3,143.17421010891084
5.1,47.476745314104946,14.51,1269.4,50.944898233545835
7.7,46.93828126734709,16.74,1227.9,-40.10488577350613
7.0,46.69705975965562,15.87,1338.7,-32.70620430503272
7.1,47.59763094660282,16.66,1618.7,-105.00104893904944
3.3,47.023117210687836,14.95,1139.0,-34.686512443860266
2.3,47.91135922412739,14.32,1390.2,46.06573755101577
11.3,46.84671888654369,18.52,1792.2,1.9964516271754391
9.2,47.974174704992514,18.44,1460.7,28.640415333506677
6.9,47.7456581529108,19.34,1331.4,75.80600085816491
7.8,48.072653591470335,19.8,1358.7,20.087465206883746
6.7,47.145342134046686,20.25,1273.9,-37.108287748117114
8.9,48.062935599637676,20.72,1235.5,37.73391230920897
7.2,47.91287637515917,19.46,1253.5,-21.399605391247313
10.0,48.04320437554492,21.94,1241.2,22.56896459188965
7.1,47.77588733085151,19.77,1385.8,135.68542898297068
6.4,47.838669692560316,19.83,1456.9,22.89763896562416
9.2,47.45921412812368,20.89,1446.7,165.92071244884508
9.1,48.87954070124884,22.82,1459.3,142.27077524298537
6.7,48.537601762083646,20.32,1272.5,1.876321133195347
7.3,47.72039521146931,19.46,1411.2,-35.17737482543517
9.7,50.6895916408624,28.01,1569.5,38.92792916570521
9.1,51.09952190549292,22.16,1398.2,123.77065586288316
7.2,51.85728465987181,20.84,1421.8,9.090692125327621
6.8,50.26455400176623,19.86,1646.5,107.13964310548516
11.7,50.17943610059725,27.82,1487.1,128.3079981325913
7.8,52.357669010818896,23.29,1573.5,-10.342301466277064
2.5,50.496762921273,13.78,1187.1,-3.238006229961549
7.3,49.57706908025681,16.75,1278.5,94.1810767065941
13.6,49.53821267703521,19.27,1504.1,54.959727763958014
4.5,49.87524662926889,14.34,1314.8,-3.805717462366651
2.6,48.5666139103608,13.89,1206.8,19.470919617966125
1.0,47.4084744193139,13.44,1124.5,39.10639964746731
3.2,47.983335175183456,14.85,1210.2,-65.70783165925359
0.9,48.14399437248623,13.14,1188.3,97.24782382827303
0.8,48.42659394950842,13.32,1178.5,9.992057192568325
0.7,47.36988594446123,13.12,1191.2,-151.63120181030197
0.8,46.27479825466833,13.41,1247.9,41.32712599556852
1.0,45.85948547663474,13.6,1481.3,-9.108108411899856
1.1,47.204491912700846,13.38,1183.8,160.8526512152362
0.8,46.43870476848377,13.36,1124.0,1.512181626543729
0.8,46.15976165392819,13.68,1116.9,-34.462202323202476
0.8,46.5150193926692,13.49,1261.4,77.68357005554635
0.9,46.15397074013712,13.37,1177.6,-4.31090007605637
0.8,46.84862673948522,13.3,1124.0,-12.818205755852965
0.8,46.33963881290302,13.23,1136.9,77.25864087974122
0.9,45.87862763778047,13.41,1153.7,-31.366824082541747
0.7,46.228057277953646,13.16,1216.6,-60.651776724693
0.7,45.53706026962319,13.12,1138.9,162.08500759348198
0.9,45.77719160121785,13.44,1119.5,81.75166196189178
0.8,45.724248814691,13.1,1138.8,22.625462830764093
0.9,45.43763334588263,13.0,1182.6,40.820066184178685
0.8,45.71951236543347,13.08,1211.0,76.425830301948
0.7,45.25969870976482,13.03,1148.4,109.10802292168398
0.9,46.75055348813141,13.06,1188.5,-11.978654160617985
0.8,44.81895221035716,13.39,1116.9,66.54030561431568
0.7,45.44047940060455,13.4,1241.8,5.4156241424935345
0.9,46.6189135994879,13.58,1195.4,27.634866889745
1.3,45.79617965501688,13.75,1221.6,52.09389662732772
1.6,45.83962495148049,13.94,1213.1,40.36246140537968
1.6,46.72835954259218,14.57,1340.6,92.30652517238676
1.4,45.54122424636906,13.89,1142.0,74.9017500856173
1.8,45.69608167524664,14.81,1165.6,-64.77563235065557
12.7,45.65657670577989,18.48,1474.1,-54.25946903499361
12.9,47.37182756381004,19.46,1367.2,15.04326420749874
10.8,47.3663637387181,21.64,1381.2,169.18431069047958
6.6,48.68136149261958,22.65,1294.8,-18.21234230349308
10.8,49.60965524156112,24.83,1747.3,27.293508402983512
7.5,49.92610620009011,19.51,1249.4,4.582261477538253
8.8,50.93025118130968,23.94,1300.6,3.562153973654972
7.1,52.220856660851034,24.43,1266.5,55.29225380420137
9.1,52.11440262109458,20.78,2562.5,141.55381030491597
7.3,54.3977138571008,30.66,1245.0,75.71427881717855
8.4,53.264193952555964,24.22,1138.9,-11.345400098189735
5.4,51.844813619726246,15.82,1340.0,238.14094287767523
1.7,49.8609507306934,14.08,1249.2,50.78264602051192
1.1,47.91607985716774,13.51,1152.4,4.622425523500212
9.4,47.35657922803097,18.0,2072.0,143.65820482714219
11.8,48.81117876613838,18.7,1452.4,11.650421553686996
9.5,48.482934382954376,18.64,1716.2,160.61214093741214
9.7,48.015147189192454,18.35,2063.8,-16.972413042619188
9.5,48.18451912549046,22.24,1395.7,143.8744472007862
5.5,50.261869842791654,19.88,1389.1,57.81755847956542
3.7,50.303516951342104,15.29,1124.0,134.23611997204014
2.8,49.7588724849188,15.16,1259.1,176.94444373954744
3.5,49.17816184169673,15.3,1256.5,-35.49704282561435
1.1,46.974215456222844,13.94,1173.3,132.91729983732498
1.2,48.91485066709506,14.75,1238.3,-55.15636678317229
1.7,47.799174179402186,14.39,1158.6,-29.960409319760842
4.1,47.1066959349506,15.76,1358.0,-13.144040969997718
7.9,47.79905208828916,16.71,1188.1,78.13849256560223
6.8,56.38945305940853,20.69,1453.4,45.15807521361933
6.7,77.83938158016609,39.05,1326.8,31.826643362553764
6.8,86.89557313106945,37.8,1666.2,57.466713397424705
6.6,89.51687188495644,37.45,1683.8,93.33235353652361
6.3,83.83981754802767,34.77,1393.9,103.43513861897813
5.8,79.86706396475832,30.22,1124.0,135.9786579446801
0.7,75.39195471414087,15.98,1418.3,188.82499442759854
0.8,70.19976093312785,14.08,1117.5,60.80468283289272
0.9,67.35473155633912,14.11,1199.2,26.001189219062546
0.8,64.44736568922382,14.52,1202.8,105.14933312595586
0.9,61.438771999920895,13.66,1124.0,-18.84092866797964
0.6,57.14412473089811,13.73,1124.0,12.80233295214942
0.8,55.3431095286413,13.71,1139.0,128.75417011746316
0.9,51.86601967818978,13.75,1214.9,48.39514205223341
0.8,51.50708287306035,13.42,1178.6,-29.087838039010933
0.8,49.7971232248326,15.49,1141.7,-50.30142563641815
0.7,50.150964430525065,13.73,1116.9,55.977113155838936
0.8,48.91892258337423,13.19,1169.9,131.15241134629224
0.7,48.10693764161177,13.48,1177.2,129.0726601219349
1.2,47.29567726721914,13.64,1144.3,56.720547543037675
0.7,47.99470800852828,13.07,1165.7,188.63435982618716
0.7,47.131274480803654,12.91,1260.6,39.725169800207084
0.9,46.381717562279114,13.15,1177.2,36.5569724658148
1.3,47.419094091837074,13.78,1124.0,-134.14881349364146
3.5,47.62707740905097,14.66,1210.6,13.67403871859015
4.0,47.16326864813265,14.38,1145.6,104.13558082948857
0.7,47.63324343039381,13.23,1159.0,153.55114270818916
1.1,47.90392210253896,13.46,1142.2,-14.400152597901531
0.7,47.31512321157953,12.96,1160.4,75.76999404550052
0.8,46.486875274106886,16.19,1194.6,116.4355136083692
1.7,46.43949906540589,14.13,1291.2,43.718954867591144
1.8,47.3368842898414,14.72,1389.6,-117.08190550460965
1.2,46.69440152365677,14.61,1343.9,59.75724251414967
5.7,45.65865275323717,15.35,1320.6,95.49141984662172
9.6,47.19844921471128,17.99,1124.0,-24.203517913286788
13.3,47.755161957025756,19.63,1710.0,24.261354866097438
20.6,64.88451081994226,36.23,2011.2,-38.74475172580464
18.2,81.96309198698847,53.25,2146.1,-137.41147786089715
16.6,89.45224350439968,51.63,1885.9,119.66858178390434
20.9,93.69127086529612,54.84,2494.5,52.85613464882352
18.7,94.33570369667588,50.17,2165.0,169.77925198205895
19.0,95.49003124511677,50.98,2356.7,122.19663031423603
20.5,94.87842700968706,52.66,3235.0,40.99515703210166
20.9,92.76552463782411,54.08,2602.6,63.03209308907202
20.3,93.71117092340023,53.5,2442.5,111.23444575583561
16.5,93.11483374838429,47.73,1788.0,141.61906331453704
23.4,91.30765101024049,49.16,2367.2,98.50908467233054
18.2,90.7977526147561,47.65,1561.8,154.43233961259517
16.0,92.52734362006005,45.75,1977.6,57.224884958768584
15.4,94.34993540520763,43.86,2835.9,9.142018772086317
15.5,94.75979865566856,44.81,1514.8,75.49748424074258
17.3,95.20273015832554,46.72,1565.6,95.32532954305128
14.2,95.53926885227486,42.51,1611.6,-2.3560735189594055
16.3,94.86936617970072,45.16,1829.8,-11.00635239439147
14.2,94.46365205205184,42.87,1559.8,114.57210522463119
18.8,95.13667160672546,48.73,2546.7,55.39732520483793
14.7,95.52532310666693,46.98,1661.7,72.73259568431229
19.8,94.21669112760617,50.12,2202.5,59.58725361949694
16.0,96.43774600515582,44.93,2490.1,191.56844230919623
13.4,94.07036669358007,40.97,1613.1,173.7562035355557
13.3,94.02187844748445,41.13,1612.9,-0.9212743410219275
13.5,94.85334391236782,41.46,1616.1,48.61943645183058
16.8,94.83525949625233,46.11,1562.1,145.6035159202141
16.0,93.94736059668348,44.16,1563.3,128.39877118521815
16.4,94.44145182029372,45.31,2903.5,83.49719203670753
16.1,94.84781021976603,43.73,2775.9,6.882847642327178
18.4,96.05566186409351,46.08,1614.6,38.835329460601905
19.0,94.585873201242,50.06,1611.9,50.522933059407315
15.6,94.42421757888218,45.58,1994.2,106.1572665478375
14.4,95.16104101809286,46.13,1564.4,206.08891469288204
16.1,94.35475543156016,44.8,1563.0,38.79769534929512
17.3,94.16890365727484,42.82,1863.4,15.10044768792767
15.2,94.79728510204914,44.04,1564.8,79.35892438631927
16.0,95.50491795083667,44.15,2771.7,159.21320973561814
16.8,95.4745145151563,45.9,1559.1,-14.263548738560317
14.4,94.80866749924063,42.0,2693.0,188.79541065573193
20.4,95.20712866327027,47.72,2873.5,75.01817173221589
14.9,94.96858196606995,41.68,2643.1,35.6744118563297
17.1,94.82301026461775,45.69,1561.7,-24.922459857825174
13.2,94.69383870538871,40.92,1567.2,136.559125822641
17.0,94.32334934575222,45.26,1557.1,75.13078726381009
22.6,94.81975787125756,49.93,2758.7,99.07073908392539
25.0,94.87641052033014,56.81,3002.7,24.07183012664796
24.3,93.31983136984195,57.08,2588.7,64.79813180025525
30.5,90.65101003893425,51.46,2207.8,52.79518882332123
25.0,89.96040099797013,50.4,3232.7,79.00872728145542
31.5,85.4537851428637,50.3,3071.9,38.496795112933725
25.4,85.72518297717045,49.71,2918.5,-23.035652982751117
24.5,84.18570508998644,49.67,3174.3,274.4948192963137
23.0,84.42866094262209,49.25,2083.5,-12.80918575690744
21.6,85.91680478281899,49.36,2204.7,94.44900030918849
20.3,89.35067087909057,49.01,1990.8,-42.618608639953806
22.0,89.62747135337568,49.09,1975.1,-58.36073211598847
19.3,91.98259897517482,48.51,2797.6,88.28830460983804
22.8,93.36910901431112,50.37,2321.9,94.07923879693365
20.3,93.21397230859458,48.6,2390.7,170.5465358613464
23.5,93.28874073385535,50.02,2467.9,110.80701940050201
24.1,92.50770692461434,50.14,2411.6,72.71742913778685
31.3,89.23273610673664,50.76,3218.2,16.758535447943103
25.8,88.10097784102202,50.07,1769.4,187.89956442896778
26.1,87.34465677761183,50.18,2456.5,147.62362392824213
25.6,85.67277512447029,49.64,3393.7,-4.949007243372236
18.8,89.96135407199392,48.7,2301.7,84.40378374390933
19.5,93.37538198868108,49.7,3102.9,92.0750305606449
29.3,89.90925582673444,50.52,2844.0,58.14603723832477
22.7,89.32494140008956,49.89,2539.7,136.384933227089
20.9,89.44472953668993,49.7,2337.9,140.44615902189375
30.8,87.84340442883699,51.19,2617.9,68.63773959053574
23.3,88.61264761053819,49.53,2044.0,61.95363046552309
15.0,92.19981487335289,43.88,1602.6,186.52214840738253
13.4,93.55462181816053,38.97,1919.6,147.3036450829136
13.5,94.54804296368904,39.1,2440.4,87.56066151851037
16.9,95.6211935792943,42.61,3012.4,-30.990138644418806
26.3,95.59613691023947,54.12,3125.6,107.60970241885971
25.3,93.62051088019686,59.28,1650.6,132.9415832751179
18.9,94.62443368205511,50.82,2840.1,-108.27663436663715
17.1,95.65264985526503,45.81,2659.2,102.5652590603234
20.3,94.95148506744648,54.8,2091.1,56.10129895065089
19.1,95.0351268799682,51.85,2367.1,70.0949777133309
18.5,94.95060554625893,50.3,2864.8,22.280394030607148
17.5,94.93880335800127,48.58,2433.5,75.48762628717871
16.1,93.5234965016973,45.59,2029.7,183.35453045581178
15.6,94.70900180417563,42.49,2761.8,54.71333218756471
16.5,94.61893178045915,42.79,1550.7,153.73269215447607
14.8,95.51512445978837,41.22,2386.5,29.85347626153751
14.9,95.39021113071604,41.3,2316.2,139.5405958315664
15.2,93.34379696717185,41.35,1753.6,86.65492288733373
14.5,95.17113595721035,40.74,1908.2,111.27539905997722
15.0,93.91129762014972,41.27,2004.9,87.21483981484256
15.1,94.63153133972023,41.07,1606.0,131.69626137570026
14.5,94.11664455669612,41.05,2010.4,-92.89033741626974
15.3,94.55430017035249,41.43,1703.1,-12.497744228800542
14.3,95.6369428505848,40.77,1550.7,116.12765841685005
19.7,95.31460619930203,48.75,2578.6,-56.079964749928294
19.7,94.87584360423482,51.76,1786.1,49.85743712408232
18.6,94.72060828851541,49.14,1905.9,83.21999384391344
17.3,94.91641284822394,48.35,2599.6,29.07596517610431
18.8,94.80471814076418,49.85,2153.6,38.655110399091875
18.0,93.48206813636025,49.23,3236.7,106.0910013102591
19.8,94.84412538202533,50.62,2450.9,157.74435710916816
19.2,94.07667340963165,48.89,1896.7,20.013696986057738
21.5,95.5064012504399,52.36,3193.2,46.86080688969422
20.6,94.9031053881041,52.85,2241.3,35.93488039649547
18.5,94.61739638477401,48.32,2412.2,-82.36640638142917
14.7,94.14772762966784,44.2,1604.5,96.91385013470888
15.9,95.86773746899792,42.86,1651.0,152.45066329860524
13.6,94.71817476097232,39.97,1554.1,158.2078824391309
13.4,95.51513120847761,39.8,1567.7,26.108282887114576
13.4,94.84946818613815,39.77,1603.7,-0.5407235441386291
13.6,94.70416620248288,40.47,1602.6,88.60430720584857
15.8,95.29778862016683,41.76,1554.1,145.15278910291875
13.2,94.59102996799598,39.48,1502.1,97.95311776850302
13.3,94.74932487137654,39.63,1550.8,107.37337293992302
15.3,94.2289176390551,41.16,1554.1,167.05740610598212
13.3,94.84278278507983,39.73,2014.4,35.395795843629664
13.2,95.94857437669995,39.71,1554.1,71.74264567419998
13.3,95.12064361171663,39.85,1550.9,201.56735480339938
13.5,94.66734876337776,39.73,1554.0,73.37194501626408
13.3,95.77982892783461,39.8,1555.2,-1.561672529526703
13.2,94.20289674670526,40.14,1556.4,40.299701087392656
13.2,94.66064643180208,39.7,1563.4,21.484344065689342
13.3,94.39878093122908,40.02,1550.5,112.1602746025888
13.2,95.26280955594525,40.23,1560.0,24.444269311760358
13.1,94.78662650734955,39.56,1505.8,106.13437332881577
13.3,94.81598835489514,39.7,1604.2,35.63861398640387
13.2,94.93039412623162,39.45,1605.8,-61.47229529626401
13.4,94.94938006515623,40.09,1910.0,108.6284571216047
13.2,94.92723438539691,39.88,1554.1,97.55826893622186
13.3,94.76888612729748,40.15,1607.7,123.40948664336754
13.3,94.80207180793599,39.78,1600.8,40.057868270618435
13.2,94.28973439244147,39.7,1554.5,32.599314295202085
13.1,95.48562178816714,39.42,1554.1,115.27049352851287
13.3,94.41944827625896,39.78,1654.7,193.49951149675266
13.2,95.0188292338317,39.85,1654.0,87.95018087208932
13.3,94.92679422556324,39.85,1564.5,116.88961389894958
13.1,94.47500036498842,39.71,1555.9,64.65772068950251
13.4,94.89544477836004,39.79,1554.1,-20.885106721751228
13.3,94.80617835345878,40.08,1989.7,154.88923467877976
13.3,95.11198206327306,39.73,1604.3,150.7582957733277
13.3,94.9341475138503,39.76,1551.6,136.9235859439655
13.2,95.3545671586721,39.73,1653.9,74.43331287047731
13.3,95.48953352156833,39.66,1506.4,128.96349650297748
13.1,94.56189578682373,39.77,1554.3,149.73295991023582
13.2,94.73556814323064,39.7,2531.8,200.58079692609402
25.6,93.97122730461648,58.64,1948.8,156.36656295757678
26.9,94.77040673801442,59.51,2004.2,91.6372610397722
25.6,94.26601001314758,57.82,1935.6,-4.407918885401145
25.7,92.85465743300605,50.2,1892.1,98.065918482181
25.6,89.7784991900991,49.85,1896.3,104.8460297078368
25.6,88.03113593546611,49.84,1894.3,135.84972947090876
25.6,88.41271478203552,49.64,1892.9,180.28017857147313
25.5,87.08356815581269,49.19,1905.6,77.9595503120338
25.6,87.61224919590707,49.12,1935.1,230.93467651952488
25.7,86.45876939083666,49.05,1891.7,-39.925854155124355
25.7,86.996496447903,49.01,2036.6,112.03303273287241
25.6,87.49206905511058,48.9,1933.7,26.319308958592877
25.6,86.88705531051086,48.9,1938.2,-51.68366402846257
25.5,87.2124827178831,48.8,1892.4,67.36288821634949
25.5,86.76599893463474,49.05,1891.9,-20.79955851576996
25.6,87.49699394019835,48.96,1933.8,69.66069795534528
25.6,86.75019930404295,48.88,1892.3,83.18890056160807
25.6,87.58536447757501,48.7,2075.1,158.87819386926316
25.6,87.4537269314582,48.98,1896.3,-25.09920850009094
27.7,87.65338476479232,48.84,2031.2,143.89664988858107
25.7,87.11480610828477,48.94,1892.0,87.06379656895602
25.5,88.08847566617574,48.8,1896.9,152.1263810446365
25.6,88.62327680009955,48.92,1933.8,49.948941995991206
25.5,87.37146847334391,48.99,2034.8,-13.030700462496554
25.6,87.28187556734477,48.77,1890.0,-4.95187031580771
25.6,88.19661415695577,48.86,1933.8,-10.113776615290647
25.6,87.5106119048093,48.83,1934.3,113.79344907464221
25.6,87.16628857662057,48.82,1896.5,183.75965616969586
25.7,89.1814250645978,49.06,1894.7,40.852865556601415
25.6,88.65437605074194,48.92,1904.4,124.45964743714165
25.6,88.0123763641487,49.11,1934.7,-26.20316899426109
25.8,88.97694089437863,48.96,1893.1,93.07522125635838
25.5,88.65403493431666,48.93,1895.1,127.26483188545419
25.7,88.88325917492475,49.21,1890.0,-20.89247783880377
25.6,89.30731775622671,48.94,2075.2,66.21360013740065
25.6,89.27701802990524,48.86,1894.9,130.60745135508145
25.5,88.36776113370581,49.0,1896.0,-124.86405651313528
25.6,89.50468675768116,49.0,1890.0,173.98724479311085
25.5,88.68070399145164,48.89,2250.5,105.41000721526392
25.6,89.15030652108877,48.94,1904.4,130.94826860767097
25.5,89.53561299578647,49.21,1893.1,51.99313373370492
25.6,88.17118856611503,48.93,1891.1,-39.61686292383722
25.6,88.32034566934475,48.95,1890.0,118.43481111006363
25.6,89.42288354820066,48.88,1899.6,75.33427076353962
25.5,88.8506217414451,49.15,1933.8,83.41908639155359
25.6,89.16329525989907,48.99,1934.2,157.35059279852422
25.5,89.15823050097923,48.97,1894.1,134.6026094297897
25.6,88.99547330120564,48.98,2206.6,215.77878671676956
25.6,89.68535165579443,48.89,1889.9,92.0908884135671
25.6,90.28170533802763,49.03,1890.0,32.96080788818065
26.7,89.61917706255264,49.06,1890.0,68.17739746991418
25.6,89.67448617056972,48.95,1900.0,110.4807763181987
26.0,89.08016044334576,49.02,1907.1,152.50939553393027
25.8,89.59034121441209,49.07,1984.4,-21.280103276951735
25.6,89.67988296888198,49.12,1890.0,82.02081538773662
25.7,90.62299892197093,48.98,2116.5,194.1003709691014
25.6,89.66027733805859,49.03,1977.6,64.62571575977682
25.5,89.02219955003,49.08,1933.4,146.61786606129758
25.8,88.5379698339641,48.97,2072.1,115.97095769251159
25.6,89.6781176155946,49.11,2162.6,148.50993862603113
25.6,89.38914561087817,49.13,2010.1,24.899253831894896
25.5,89.66987416711983,49.17,1890.0,25.18975107771599
25.6,90.23799954176663,49.02,1929.0,83.1165952335208
25.6,89.36108509839433,49.05,1935.4,-25.44772173960527
25.6,89.88182883984119,49.19,1890.0,63.019665399318015
25.7,89.54824825839894,49.05,1911.5,99.68252270891064
25.6,89.2893583804805,49.14,1890.1,206.97335066687592
25.6,89.742982230515,49.06,1978.2,110.29667770222059
25.7,90.07904869895786,49.18,1977.7,125.92131174645027
25.6,90.17446479445648,49.27,1894.9,163.71020526103354
25.7,90.00155786518317,49.01,1890.0,14.706205349749212
25.6,90.83550134152826,49.03,1889.9,70.70648972057369
25.6,90.15894141637587,49.22,1933.5,252.06669109983375
25.5,90.75258841909387,48.93,1890.8,76.77095765561148
25.5,91.14511375065067,48.97,1993.3,160.47811365390254
25.5,91.11644226551955,49.02,1886.8,149.80529345539333
25.5,90.37369017810276,48.99,1890.0,-21.110989261853803
25.6,90.40660389425314,49.3,1890.0,104.1018495239071
25.5,90.4953745019797,49.13,1886.2,92.6502531678338
25.8,90.28420553119841,49.22,1883.8,105.48323074527822
25.7,91.25778173823632,48.98,1890.0,29.605199671606428
25.6,90.9279265975609,49.19,1897.6,4.214621434582398
25.7,89.80149680415991,49.35,2155.3,49.0833141767089
25.6,90.56595318450604,49.04,1883.0,75.562637255549
25.6,90.62442709834029,48.96,2075.1,165.36083032574885
28.7,89.35995787501466,49.23,1981.2,209.6267635254602
29.5,87.16394004856245,49.6,2363.2,180.17947945859
26.6,87.60418666177499,49.23,2122.5,142.20645044425152
27.4,86.73790450989931,49.3,2007.8,11.329144475122774
25.9,88.41685183531663,49.65,2115.7,52.56166116141526
27.2,88.43850099884743,49.87,1869.2,95.64005806798781
25.6,88.70190667542984,49.48,1940.2,36.613341573884014
25.7,90.03089078360489,49.82,1890.0,121.09435878029038
25.6,90.22757686424393,49.84,1894.1,131.38537121563388
25.7,89.67675939940206,49.7,1890.0,118.71382147174147
25.6,91.23991105996389,49.95,2069.7,153.12178684736557
25.6,90.54448383840776,49.91,1886.0,18.201499889169455
25.7,90.58882002392832,49.66,1842.3,146.95733640817576
25.6,90.43071330571948,49.65,1889.1,33.2222465450499
26.7,91.0519036752186,49.66,1883.7,16.271297160442117
25.7,90.14835781188185,49.69,1889.8,119.42929616167419
26.0,89.57193854845666,49.94,1890.2,167.330016107262
25.7,91.14517827547874,49.75,1889.9,116.41185578665403
25.6,91.75546666215297,49.72,1931.4,83.73443164336143
25.6,89.50142927369663,49.81,1890.0,104.15419530949634
25.7,91.03242936452129,49.9,1933.2,92.13379762474183
25.7,90.43500843659002,49.89,1889.9,3.886763626549808
25.7,90.29768035053088,49.85,1889.9,-4.178582743520778
25.9,91.17190639855066,49.78,2073.4,77.37329172908797
25.6,91.35671518492138,49.87,1890.0,88.55441630224661
25.8,91.29923220121314,49.98,1929.1,83.82003861437742
25.8,90.38467395276493,49.86,1974.7,130.40686926483457
25.6,91.37135802886603,49.82,1889.4,68.04142273143574
25.6,91.63713488408031,49.88,1883.1,122.57161666683852
25.6,92.0037181574336,49.9,1883.1,73.07453913062247
25.6,91.80289372159672,50.0,1933.8,210.85839825950538
25.6,90.91515305892233,49.81,2285.7,88.89674115026111
25.6,92.0862351731963,49.88,1885.7,247.11734604429577
25.6,90.79380537612793,49.84,1890.0,107.92456012823412
25.7,92.99672478865482,50.08,1930.5,68.34078449791748
25.5,90.98854732818401,49.98,1888.6,20.34910013505148
25.6,91.6354202444015,49.82,1889.5,-17.681310481794156
25.6,90.9347198966431,49.79,1883.9,13.928796339176756
25.7,91.4306726141148,49.74,1893.2,21.764851168392298
25.7,92.85219124173102,50.09,1886.9,110.98110031724322
25.7,91.90527985531736,49.75,2112.0,46.517568080919105
25.6,90.75848001292687,49.91,1885.0,96.43866612567723
25.7,91.89803586062729,49.76,1898.6,173.09619194620106
25.6,90.37544194639388,50.0,1884.7,77.21446597841833
25.8,92.05995078080923,49.82,2065.1,228.90486189660567
25.7,91.7868198222448,49.81,1933.6,1.0595404295961117
25.7,91.63258804089884,49.99,1889.9,72.82751430909403
25.5,91.76600607642702,49.81,1940.7,45.61820363826963
25.8,92.06801425893978,50.02,1885.6,148.92705447137297
25.6,92.05439140365627,49.96,1889.8,-73.41256088535341
25.7,90.83974245199478,49.79,1887.9,-17.64414498821297
25.7,91.7205298313985,49.78,1894.0,75.86055889453135
25.6,92.40586449752898,49.96,1885.2,191.97205146684848
25.6,91.20330102076835,49.97,2068.5,99.18519772936786
25.7,91.1101833512848,49.74,1890.0,-11.231492853753466
25.6,91.83917153835051,49.4,1884.5,-0.4243568852846522
25.6,92.32293166636128,49.56,2126.0,200.48698811172346
25.6,91.90873818221245,49.56,1886.1,39.89861665995339
25.6,91.99847347732505,49.62,1932.8,17.37090861785323
25.7,91.58079913237019,49.6,2091.6,186.79467223009647
25.6,91.87501755573257,49.48,1889.9,154.15559442913514
25.6,91.40620364926254,49.42,1918.2,172.56315846101464
25.9,90.80310637845677,49.5,3254.7,16.87620429888092
53.1,88.80557938598338,49.23,2341.6,-23.378129341140365
50.7,86.43639224216301,48.86,2293.8,92.27465495577454
50.8,85.22639881272333,48.86,2160.9,105.90737991048385
50.7,84.23486201296116,48.76,2162.1,107.2576442653665
50.8,84.91369741346223,49.0,2284.7,184.46019079985416
52.4,84.20264446989574,49.47,2293.8,-41.012353291221956
50.6,82.81095381189996,48.78,2282.1,139.84729514879572
50.6,83.70738293193575,48.38,2286.2,2.324592233947044
50.6,83.3647428939557,48.41,2294.0,138.49656598587927
51.1,83.73881338424712,48.43,2292.4,44.92886018028092
50.7,83.78981736111884,48.59,2547.8,20.841429359924923
50.6,83.51779504979321,48.44,2417.9,34.823347324977476
50.6,82.86957153072285,48.45,2419.9,-23.933657764651002
50.7,84.31075333469371,48.61,2544.0,79.87022363459484
50.6,83.7312094838231,48.55,2293.5,22.767030823082308
50.6,83.89109293446555,48.62,2293.9,131.73691910693665
50.6,83.84308267075511,48.69,2283.4,121.3655621746338
50.6,83.05190530065836,48.38,2282.0,194.6183847301755
50.6,84.12005957982127,48.38,2292.0,101.99320622080855
50.5,83.80587017519812,48.6,2289.3,112.71518371259833
50.6,83.49138244736741,48.54,2293.0,174.20456584239116
50.6,83.7319815683992,48.5,2422.5,32.20155344040882
50.6,83.48296424881131,48.64,2284.1,-28.090824059676336
50.6,84.03233542342068,48.56,2294.0,90.0507473512331
50.7,83.7952641137007,48.45,2424.8,-23.576804114599554
50.6,83.62242972828479,48.76,2281.0,247.8942400256247
50.6,85.25345218613336,48.45,2293.6,178.09775842824632
50.6,84.10082159226042,48.68,2548.8,227.77141461642287
50.7,84.11812590945236,48.54,2280.3,80.73252395893446
50.6,84.16142009299236,48.69,2289.2,114.95932681274995
50.6,83.9777626314233,48.57,2411.3,44.3051437289073
50.8,84.60886001805488,48.46,2289.1,138.31502176182616
50.6,83.7215402115722,48.55,2289.6,-8.542157278433507
50.5,84.66566089100183,48.59,2284.5,-101.44041083286511
50.6,83.82295166307084,48.59,2288.8,21.252077201614327
50.7,83.32343838282624,48.52,2293.7,-25.25947081227021
50.5,83.76054442448756,48.5,2280.6,180.0971181399681
50.7,83.88376398578741,48.69,2289.1,203.75545647310264
50.6,84.18172930070419,48.48,2283.9,-21.53358064405934
50.5,83.73147768061853,48.69,2280.4,167.10295378761643
50.7,84.34607302445592,48.67,2283.4,143.28950591701414
50.6,83.3556877415144,48.65,2149.8,-33.18356941915518
50.6,84.8992608569397,48.61,2549.9,49.38907656927796
50.6,83.64290258775536,48.68,2542.7,36.10229762560117
50.6,84.23080455489429,48.53,2280.3,129.0784973520739
50.6,84.61342722833713,48.48,2546.9,-9.291433032406545
50.6,85.25449580626277,48.51,2414.8,69.80569450513899
50.6,83.87563894100974,48.58,2149.8,28.71447127963409
50.7,84.61120281954263,48.89,2280.4,109.86641140965128
52.0,85.1756060563775,48.61,2783.3,61.55933206863249
51.0,84.95608416871735,48.73,2288.6,39.26948386794175
50.8,83.29775775057263,48.54,2280.3,61.80754537795853
50.6,84.88112854726229,48.55,2280.0,219.26268312018124
50.8,83.82197443211558,48.56,2280.5,47.55788256981014
50.7,83.69497160981955,48.82,2677.9,3.8714882535771835
50.6,84.73903916506764,48.47,2280.3,117.58305034434349
50.6,85.10488274492346,48.51,2290.3,66.69669356830507
50.6,84.21734463818372,48.43,2280.2,-22.322342796927856
50.6,84.58615646722653,48.42,2418.4,232.94929597333908
51.0,84.60310586454635,48.68,2287.4,52.071468441726125
50.6,84.63423837997848,48.59,2280.3,50.29450866057817
50.6,84.76700200854299,48.47,2410.5,87.93416450575866
50.7,84.64874422029766,48.5,2157.0,197.8541352359818
50.6,84.06004312574854,48.52,2541.3,-40.8359806736711
50.6,84.49249176275715,48.72,2280.0,96.06539781469758
50.6,85.47842842975852,48.72,2279.7,222.85560642752472
50.6,84.81240241011263,48.66,2149.8,85.75770448845059
50.6,83.92996383729016,48.64,2149.8,-9.726561240069657
50.6,84.717037435864,48.47,2280.3,33.45914000725214
50.6,84.10231675822492,48.72,2149.8,91.22878384029849
50.5,85.75236692934301,48.53,2803.4,169.90335483851499
50.6,85.12079499387681,48.53,2280.3,52.993634523041706
50.6,85.87925916903248,48.54,2410.8,134.61282290761127
50.7,84.62028530105052,48.55,2280.4,-23.728575369042346
50.6,85.80781103846408,48.92,2410.8,-24.31300472604991
50.6,84.41750515177674,48.72,2280.2,42.951265765816835
50.6,84.54167586063154,48.74,2280.3,177.40935240882715
50.6,84.40367592684781,48.82,2280.3,81.56859036200784
50.6,84.39595456236069,48.7,2149.8,97.17629444630074
50.6,85.06114875840896,49.09,2149.8,96.47590583328869
50.9,84.64270010748899,48.86,2280.3,154.75759280274167
50.6,85.16088305596459,49.01,2280.3,34.48488044077018
50.6,84.53993659326763,48.87,2280.3,125.45448717483322
50.6,84.65004340347676,48.81,2276.5,19.17581367369931
50.6,83.9047060884607,48.98,2540.8,216.2202960364779
50.6,84.18834410832044,48.95,2410.7,21.267276302952673
50.6,84.85351974870021,48.86,2280.2,15.44532934765936
50.6,85.10839816961837,48.89,2280.3,115.61970542285185
50.6,84.64566413199933,49.02,2280.2,82.6687109071478
50.6,84.04445293485236,49.08,2280.2,99.91278603911775
50.7,83.87479009698637,49.21,2541.0,92.90224064518675
50.7,84.6106885609239,49.25,2932.0,0.6264048000951021
50.6,86.18694009614309,48.93,2280.5,189.8580299446873
50.7,84.2923929681025,48.92,2283.0,139.44454858499256
50.6,85.23404597929778,48.93,2280.3,172.0007266355398
50.6,85.0222654818974,48.88,2411.0,39.87205830208572
50.6,84.33341002801804,48.85,2411.0,105.9957105889051
50.5,84.08814909847983,48.92,2410.8,90.641120446445
50.6,84.46764198712309,49.01,2410.5,155.77383771061966
52.5,85.11516038977985,49.07,2419.5,158.0211000231103
50.6,83.94524875092026,49.0,2412.3,90.30885238284948
50.6,83.59377280659598,49.06,2280.3,-29.468452479613404
50.9,83.8724300855787,49.26,2410.4,201.3583648331403
50.7,84.01291045872155,49.06,2280.3,115.6959731847615
50.6,84.88709639463634,48.89,2149.8,34.18185700510406
50.5,83.55180144659289,48.87,2280.3,105.22665709578004
50.6,84.74345662788683,48.94,2280.3,-29.01102208713195
50.6,85.10423518913151,48.87,2280.3,150.63753708183606
51.0,85.72856703429973,49.01,2280.4,-26.224298094507176
50.6,84.03839229520047,49.13,2280.3,61.30015596168272
50.8,84.71476419209782,48.85,2541.4,93.8687213160252
50.6,84.1792148759667,48.9,2280.3,149.47427820583778
50.7,84.37707236888728,48.84,2279.9,84.21242596243371
50.5,84.29533725947313,48.95,2149.8,121.2006799731019
50.6,83.99744473679822,48.96,2411.5,74.78072840572116
50.6,83.88919053133667,48.83,2280.3,74.49865863151159
50.6,83.75037845982574,48.88,2280.0,82.73445644235048
50.6,84.51437905209751,48.87,2280.0,63.51646212060798
50.6,84.26950424901942,49.04,2410.6,-41.309852922467414
50.6,85.06099898064517,48.87,2149.8,22.96703492048414
50.7,85.06685326960641,48.86,2290.6,93.88359143517978
50.6,85.4849563789399,48.85,2411.9,59.31060442954643
50.5,84.30132228257249,48.78,2149.8,65.84220271995977
50.6,85.1550410069491,48.99,2280.2,54.11388084107917
50.6,84.79261554467908,48.89,2280.1,16.29657955529361
50.6,84.60435700600975,48.9,2279.7,42.23135972120216
50.6,85.60882663735822,48.92,2149.8,55.26997658390968
50.8,84.67165598832726,48.85,2280.1,77.10811372537407
50.6,84.36918488335743,48.95,2149.8,104.28448891720778
51.0,84.08820990148836,48.87,2271.3,64.10940872167699
50.6,84.82688633577047,49.07,2149.8,4.671996822657562
50.6,85.08279474566949,48.84,2149.8,-21.117932781356956
50.6,84.93634655430802,49.11,2280.3,258.56836802727986
50.6,84.84118141064788,48.82,2149.8,-2.3393281341573555
50.6,84.60509547835386,48.92,2278.8,40.44394029820094
50.6,83.8469649435345,48.82,2279.3,112.93768300467704
50.7,85.37271743833625,48.88,2279.9,102.007880223994
50.7,84.07322686752501,48.83,2279.5,113.20821540054696
50.6,84.13232221285281,49.11,2279.5,45.75740451579907
50.6,84.10056907132778,48.9,2149.8,93.44664942036195
50.6,84.59434762620438,48.93,2410.4,81.04162830111504
50.6,84.52559533124477,48.88,2274.5,54.89836530572629
50.6,84.88135679539894,48.86,2278.1,93.92623380256772
50.6,83.36702548928899,48.99,2280.2,150.6231323693373
50.6,84.33980214307198,48.88,2280.3,75.19352184179692
50.5,84.04164755343876,48.91,2280.3,75.65923110487897
50.7,85.02469774033962,48.84,2280.1,151.51879952225872
50.6,84.24160225743991,48.83,2670.3,144.04274820611576
1.6,82.06853049386643,17.76,1155.2,187.62307043342287
0.6,80.23173534372438,14.76,1210.1,-46.614974782488204
0.8,75.3383126224686,14.95,1144.3,139.0328132082771
0.7,73.02610188004502,14.8,1124.0,116.66690300660942
0.9,69.9620995261601,15.03,1126.5,11.183812011459771
0.8,67.36431710032366,15.09,1140.6,89.33608713597923
0.8,66.88336720357866,14.31,1121.8,143.35646528771096
0.9,63.96966157686089,14.28,1147.8,10.081876928975412
0.8,63.01538750861958,14.16,1124.0,97.5535463091069
1.1,62.31227013423356,14.45,1331.7,126.11030713705506
0.7,60.90070203994373,14.44,1124.0,-11.237777016702893
0.9,61.23226423823201,14.16,1142.2,52.45680503526572
0.9,59.33910659496609,14.14,1713.7,82.22319434543094
0.8,60.16326862231745,14.15,1420.3,4.354016395385997
0.8,59.036552050360896,13.83,1116.9,-2.3688604206643262
0.8,59.01880803610379,14.13,1148.5,48.80196185810712
0.7,59.73177150827391,13.85,1116.9,113.59060157348455
0.8,58.782181426689895,13.9,1341.6,101.73270326513989
0.8,58.0207707175313,14.06,1137.9,-4.311391338605588
0.7,58.170968539535785,14.12,1142.2,101.05800170687064
0.8,57.90885291028976,13.97,1194.0,-3.6035970451988817
0.7,57.86591910024133,13.96,1156.5,-58.361776666052194
0.7,57.173803973416284,13.6,1164.6,28.17229284115878
0.8,57.00525650544243,13.5,1320.3,132.07409740329672
0.8,56.51170122769349,13.92,1124.0,99.0382938333471
0.7,56.08134433952821,13.51,1318.0,52.71762038980971
0.8,57.00998455405174,13.52,1122.9,23.408866018669283
0.7,57.255573468378444,13.51,1160.4,24.940787861386625
0.7,56.2413868118337,13.84,1117.5,59.538085191362015
1.2,56.130061196866265,14.3,1161.6,-23.123328495267685
0.7,57.153596167505405,13.94,1140.7,27.082312022758472
0.9,56.26524456864023,13.95,1140.9,36.175114963638066
0.9,56.506047336810106,13.9,1118.8,-43.467356421606226
0.8,55.65235090098891,13.8,1136.6,-7.717075243331436
0.7,56.31751259230326,14.02,1233.1,79.5962573756207
0.7,55.27927866959705,13.7,1142.2,51.43011847170748
0.8,56.21185130352776,13.6,1155.1,28.926820840925398
0.7,55.785464349626274,14.06,1177.0,-13.450296336864596
0.8,55.1785550420056,13.77,1135.1,160.56716843841912
0.9,55.12195943358477,14.11,1156.2,-8.608516477454437
0.8,54.222568853184086,14.16,1124.0,67.5445207759048
0.8,54.877841494477394,13.77,1166.0,15.682734462280024
2.4,54.976169287573626,14.09,1330.6,52.28858551801231
5.1,54.75851489361056,14.98,1138.4,81.70986171415558
0.8,56.02501860992174,13.7,1208.4,-46.30185843297192
1.0,55.777364541596114,13.84,1131.4,49.10105029909892
0.7,55.44166338909189,13.72,1168.9,132.8710647099558
0.8,54.71556537723656,13.79,1160.4,172.78768293360184
2.7,55.905138329656104,14.66,1201.3,40.34968970292822
0.8,55.44055220386105,13.76,1343.9,52.3412521613529
0.8,55.210547185570455,13.56,1214.1,204.05171950985118
0.9,55.247163216448385,13.82,1217.2,128.56272109352616
0.9,55.244390237070874,13.48,1192.8,5.788773326479628
0.8,53.544202628318615,13.92,1124.0,5.568422636164605
0.7,54.10814329824977,13.39,1228.9,115.76951189357302
1.0,54.03989114875549,13.95,1150.9,-22.03483197000655
0.7,53.81281776520065,13.75,1181.5,124.81634965693513
1.3,53.377814242202,14.14,1197.1,72.02352796630369
0.8,54.165845505014865,14.22,1116.9,84.8179794100682
0.9,54.24326839771454,13.75,1118.5,30.567905795343428
0.7,53.506070810067364,13.95,1231.7,4.41901993585639
0.9,54.32335378999754,13.85,1140.8,150.81861595892173
0.8,53.08973748140504,13.6,1235.3,31.184015489675172
0.8,53.43450456309026,13.94,1116.9,19.670200998985337
0.7,53.24614927042285,13.64,1116.9,42.66696315369567
0.8,52.54883092429371,13.58,1285.4,61.65287350974597
0.8,53.37279309740949,13.88,1160.4,-24.131383283794932
0.7,53.36684686965894,13.75,1173.7,8.38766465409769
0.8,54.24836895625509,13.84,1124.0,4.583373687870235
0.8,52.91024653132781,13.47,1163.3,106.94464735457953
0.8,53.33279499971206,13.52,1119.5,-14.302357632707121
0.9,53.14035733410765,13.58,1270.2,-75.23973123487141
0.8,52.62767195509359,13.39,1117.8,-90.07595341646729
0.9,51.57005051895292,13.46,1119.2,-55.34279333838122
0.7,53.23175204464654,13.58,1512.8,142.86016787494893
0.8,53.282701288967765,13.32,1124.0,48.66033158812759
0.8,52.47163114118022,13.44,1327.9,82.59067525711157
1.1,51.971114523942205,13.82,1128.9,85.03814420200932
0.8,52.55734397236611,13.52,1202.2,51.40052709545126
0.8,53.13710465351776,13.75,1241.5,42.21906412119894
0.8,52.39655827890476,13.62,1211.0,120.5587917410418
0.9,51.97402385605868,13.53,1132.2,57.65161440759095
0.7,53.44986706432122,13.48,1187.9,145.21806389328924
0.8,52.030639174896436,13.21,1438.7,90.61127546341334
0.7,52.89825290743446,13.17,1147.9,3.7985882554823434
0.8,53.85780067059631,13.33,1124.0,12.152421618385617
0.7,52.94432480926847,14.09,1215.5,-4.049378655910587
0.8,52.175832325514094,13.8,1124.7,132.03467066305572
0.9,52.85576541863782,13.47,1124.0,18.395921051341098
0.7,51.53188257622818,13.61,1154.2,-9.19190618207395
0.9,52.160864755237405,13.63,1207.6,69.04459903369268
1.8,51.738698934904164,13.67,1324.5,39.823543285517765
2.4,51.473648849923066,13.82,1248.2,67.2153755021155
0.7,52.24558529361203,13.53,1250.9,178.85734095114498
0.6,50.52320687931459,13.59,1142.2,110.46389394180973
1.0,52.2750754489813,13.48,1177.0,48.42146069890457
2.7,52.24660898008282,14.71,1132.2,-52.07439828131513
0.9,52.278017012654345,13.8,1200.0,11.504703016535153
0.8,52.63699933249382,13.21,1250.4,96.26411832613991
0.8,52.58548176778268,13.4,1285.4,-35.49149030055374
0.9,52.236908204310865,14.14,1178.6,196.34122084753216
0.8,51.82439571974801,13.72,1141.3,47.475589473234685
0.8,50.372573880604534,13.65,1142.2,49.87997810009828
0.7,51.57329634097049,13.57,1393.8,-0.20953651793926298
0.9,51.82368596698792,13.73,1184.2,81.2230509150516
1.2,52.40086627815454,13.55,1124.0,-34.61230470691762
0.8,51.696250117376586,13.71,1177.0,197.98725472429484
0.9,52.87432232083127,13.54,1142.8,138.5146487897547
1.0,51.43761382977952,13.28,1116.9,115.07780000829003
0.7,52.107656331894006,13.39,1124.0,-51.257538887464364
0.6,52.21316844577312,13.28,1192.7,60.36254672219151
0.8,52.43648500294332,13.53,1199.5,130.54412298260692
0.8,51.60554345784676,13.19,1306.2,87.36124180842438
0.8,50.82175852052054,13.08,1128.9,-24.358353048989002
0.9,51.56013215306257,13.45,1202.8,0.23632876246308143
0.8,51.5154156932855,13.31,1116.9,14.06792822853927
0.7,51.37368415946781,13.31,1242.7,3.429290791412292
0.8,51.51664461641562,13.16,1140.6,152.6559668244941
0.8,51.39244390656622,13.46,1142.2,-88.85368864157122
0.7,52.45256075450099,13.41,1197.3,91.51098619076677
0.7,51.67156223032435,13.14,1116.9,-44.882086792540605
0.9,52.258762527718936,13.58,1215.2,-21.72332708699141
0.8,50.755151913915455,13.53,1124.0,-95.12970020141438
0.9,51.22667947776856,13.45,1135.2,7.107079976365846
0.9,51.18629158049998,13.52,1190.7,151.28297224160843
0.8,51.2965303161463,13.31,1251.7,64.06169011131843
0.9,51.59758895329074,13.38,1105.8,-38.36791412197041
0.7,50.70871983827171,13.6,1201.0,116.71212224932329
0.8,51.02775989599715,13.31,1196.7,131.69831573616372
0.8,50.0756571856358,13.28,1204.0,52.78621836613834
0.9,51.47816501430181,13.3,1260.1,187.93196106007332
0.8,50.79079284916222,13.15,1204.7,103.0060807147062
0.8,51.562928163057755,13.17,1135.6,93.27977870281688
0.7,50.27173197174299,13.29,1274.1,-10.744521788154934
0.8,50.587689636397094,13.51,1221.1,89.40808354995642
0.7,51.08442792092889,13.08,1182.1,60.66405055530772
0.7,50.87314551597066,13.1,1177.0,81.73326714151608
0.8,51.21912308793257,13.02,1129.3,-2.697666928530559
0.8,50.46046987430138,13.33,1116.9,54.08662435478726
0.9,50.332613935685885,13.63,1199.2,-12.148682932837595
0.7,50.90844587162865,13.05,1145.0,-105.3424932277442
0.8,50.436633124218055,13.34,1124.0,114.77443550488319
0.8,51.069020574834994,13.19,1124.0,-60.328205369529314
0.8,50.475855769327254,13.56,1205.0,52.296097381195494
2.1,50.935916415000214,13.22,1438.1,68.0641121808952
13.9,55.01195710635718,17.72,1292.6,67.58015476195689
13.4,55.85723307805704,17.82,1483.9,25.16122195193409
13.0,78.38560792925719,39.39,1566.1,65.60042180783799
13.3,88.55413799682991,39.33,1558.5,83.53459564246522
13.2,92.32415928274234,39.11,1609.4,106.65215274651723
13.2,94.80984428069588,38.99,1614.6,180.91394205419496
13.1,94.65133780590452,38.9,1557.9,79.82193165757644
13.2,95.08395084915655,38.8,1608.7,71.33088404603588
13.2,95.62526149464551,38.95,1556.1,6.282692586070645
13.5,95.02819400871091,39.02,1655.6,102.88240480944424
13.3,95.11481164473602,39.46,1608.7,121.30355503585685
13.0,94.19327951551176,39.76,1607.6,63.01300424390058
13.3,95.14885303189945,39.94,1609.3,116.2014683649549
13.2,94.27052642925682,40.0,1554.3,58.96617056280754
13.3,94.2883263188487,39.85,1554.4,127.57094414079691
13.2,94.1108292198154,39.87,1569.0,145.46890170246846
13.3,94.21287431297814,39.99,1808.5,145.32817943346242
13.1,94.6756295840574,40.09,1554.3,91.38519727787023
13.1,95.31844129176694,40.02,1554.3,10.943409667588725
13.2,95.4267090273699,39.8,1579.2,41.42158955373752
13.2,94.78883878277864,39.79,1554.4,126.35369042479621
13.3,94.84112326457333,39.75,1577.4,256.4811374917514
13.2,95.14985502868025,39.7,1554.5,61.52968066919941
13.3,95.60853686446045,39.97,1554.3,117.55725196214817
13.4,94.45764915688245,39.91,1556.5,46.95314328017338
13.1,94.67838656314856,39.79,1556.9,17.89310586073482
13.2,94.33190970273463,39.73,1507.2,38.893568664030724
13.1,95.68125523137272,39.77,1507.1,-59.39721112190783
13.4,95.712028404553,39.72,1552.2,181.2354075637299
13.7,94.72475012279867,40.05,1808.8,-69.51290751786374
13.7,94.18815650546813,40.56,1603.7,68.21430253019105
13.4,95.96636707916761,40.21,1554.4,4.28648418499624
14.0,95.06064644192344,40.91,1605.9,24.91100625522074
14.1,95.32917285306635,40.59,1761.0,183.22706431269557
14.1,94.82774207963683,41.11,1854.3,100.99009571353793
13.7,94.4636364174161,40.2,2905.3,19.375864306920377
17.2,94.67914931418014,45.06,2109.5,45.71985685743774
13.4,94.3410778500547,40.29,1732.9,33.429962281418476
14.9,94.33096615735542,41.8,2046.9,83.98890350998816
16.0,95.3905653310239,45.37,1590.8,99.15945340732182
13.3,95.3484527578559,40.41,1607.9,219.76421427735502
13.2,93.57497412703485,39.95,1606.4,-47.052670491187016
13.6,94.42921725928684,39.86,1751.9,84.66376362629794
13.2,93.67386229083091,39.98,1607.8,65.02129333303488
13.3,94.70672804506536,39.86,1553.9,153.37827397905846
13.4,94.57722550243017,40.06,1553.8,111.9646637555387
13.3,94.39553732041746,39.71,1504.0,128.45914072863968
13.4,95.03600271573627,39.9,1675.9,111.29525125756024
13.6,95.44249262154305,39.74,1963.9,21.904456731181014
14.0,94.67052843221087,40.84,1557.6,171.9363449303854
13.3,94.33792046019713,40.13,1554.1,143.04643947259012
13.2,94.0307445641034,39.82,1555.1,151.24101714780133
13.5,94.60124968628003,39.95,1678.1,175.63985390351047
13.2,95.45143403706538,39.71,1554.1,116.39564771844479
13.6,95.81212068927356,39.72,1581.5,190.829600360111
13.3,95.46375321095418,40.09,1701.0,113.59638228616838
13.4,94.66407826072695,40.02,1705.0,71.82876926021538
13.2,95.11948181894576,40.07,1555.5,86.70166612481175
13.7,94.59133394852381,40.21,1604.1,85.49578511032205
13.4,94.7598464457857,39.89,1754.7,50.80822900153467
15.3,93.94267930474408,41.8,1932.9,201.39849770160725
21.2,94.72893317531285,46.85,2372.0,107.90751215359475
19.9,94.5755382985595,50.55,3068.2,93.79900439139078
18.9,95.02071752010215,50.91,2511.2,114.34691226547457
13.8,93.61190015699644,42.31,1546.6,295.7578734291309
13.7,95.02083043644832,39.81,1902.5,7.947655466924843
14.7,93.31645915687822,40.46,2168.0,28.015900548426565
15.0,94.9922165974255,41.1,2250.0,-9.471164308008753
20.3,95.29659271823621,43.88,4009.4,70.88703918580481
29.6,94.317252652904,62.29,2035.5,104.35542902776074
17.3,94.49144165616066,48.31,2909.6,54.59669101174328
17.9,94.50035590725994,49.81,2503.7,49.38850133065199
16.4,94.19387621216421,46.44,1550.1,97.13781128505377
15.4,94.70252835371755,45.94,1644.6,52.022002289843016
17.1,93.71773168918149,46.49,2115.2,108.88192542653223
17.9,94.33781268612218,45.08,1940.7,165.16607916715583
16.9,95.18502486132137,42.86,3932.9,134.56185654695395
25.7,94.28060303230892,58.13,1913.2,148.84069941332706
15.2,95.41131847379955,43.34,2731.1,163.18408915046882
18.8,94.52260148796795,49.56,2419.5,106.96780150155789
22.4,94.0514509412477,55.09,3070.3,76.06498392624431
22.7,93.8186601645476,55.38,1643.9,33.112162425048496
17.8,95.30068812187412,44.74,3757.5,59.64529932434089
23.6,93.74062259205877,51.92,1896.3,50.248992874632535
16.1,94.34739098851433,43.18,2257.6,138.02137100117668
15.1,94.76387301303346,41.73,1550.3,110.99181573864966
13.2,94.85677098254948,40.86,1500.9,135.41590676949863
13.6,94.47574257431926,39.41,1747.0,5.4983479955623125
13.2,96.12009763950225,39.41,1549.2,187.0116026310625
13.2,95.9500562750606,39.49,1550.2,56.957641918585566
13.2,94.50715422796961,39.35,1550.0,9.8936627902237
13.3,95.07374565923206,39.28,1599.4,56.19086003760569
13.2,94.32079981977682,39.56,1553.5,260.83480751998826
13.3,94.16713572781818,39.68,1751.5,59.86082917862356
13.3,94.98886884126814,39.67,1550.1,64.26960535511351
13.2,95.13942810062795,39.2,1546.9,73.60057696028923
13.2,94.46679106093069,39.48,1548.7,76.66279207350969
13.1,94.65755233238583,39.09,1550.3,32.37846147056704
14.5,96.09093560188393,40.5,1499.2,97.11993398958575
13.2,94.3491979620248,39.67,1569.8,162.39790901426625
13.1,93.60791789661103,39.48,1550.3,109.11607770783516
13.4,94.07144718157785,39.58,1548.8,9.342380857677824
13.3,94.89369273592088,39.3,1550.2,63.026645668215714
13.2,94.91124986705385,39.16,1547.0,48.529812154424924
13.2,94.4380616562317,39.36,1552.9,90.84748341374423
13.2,94.2784924315056,39.38,1569.9,180.27757955107413
13.3,94.66458166628313,39.44,1599.0,76.72777243899334
13.7,94.68562739292231,39.77,1499.3,80.98179211545953
13.2,95.34524977248239,39.55,1547.0,211.59037531328892
13.2,95.38777609135155,39.46,1553.7,148.49187171355575
13.4,94.6907555014435,39.47,1553.7,127.34502419951606
13.3,94.70854354171826,39.23,1551.6,224.23014735537413
13.3,94.7818928947785,39.15,1550.3,121.44908197719326
13.2,95.37670517786255,39.68,1601.1,-51.89344991805606
13.3,93.96031059249361,39.58,1550.3,145.4510355689402
13.2,94.55737618772127,39.37,1652.1,-24.27532435858781
13.3,94.2135558978291,39.29,1563.2,118.80635329453139
13.4,94.45678329582283,39.29,1551.3,-32.795469319350744
15.2,94.80167617180727,40.46,1654.8,54.48721501124729
13.4,94.63249954326032,39.98,1624.3,61.70261260566443
13.2,95.03945634457476,39.56,1547.0,33.25956272037937
13.4,94.15859734848638,39.5,1499.0,62.74857538922778
13.3,94.8833142119145,39.34,1548.9,159.4478033389587
13.2,94.52698334618763,39.16,1500.9,37.19200662549328
13.3,94.61091124024247,39.42,1550.2,125.32876547090058
13.2,94.56094535438187,39.46,1498.2,19.573593546877305
13.2,93.7853874821721,39.57,1550.3,73.90423772403103
13.1,94.65097523158485,39.51,1599.7,109.83807550367959
14.3,94.9991136302638,39.58,1547.1,17.412438668345175
13.2,94.8077419408058,39.36,1547.0,-4.65091664685059
13.5,94.94709854793452,39.56,1550.1,121.60105714888522
13.3,94.21086961109691,39.35,1550.2,165.78527657095333
13.2,95.15971701233535,39.19,1546.9,81.63514996042625
13.1,94.53023119737364,39.42,1603.9,55.15784266689165
13.4,95.42187635481612,39.59,1650.7,98.0670613451689
13.3,93.56106198901868,39.22,1552.8,91.05341088951118
13.3,94.06201548581461,38.99,1550.3,104.17302193933197
13.2,95.56889560312392,38.81,1599.3,-89.8072895458473
13.2,94.97331021500489,38.83,1596.8,12.332586973078392
13.2,95.01664316209778,39.35,1649.0,28.00379687091168
13.2,93.79441752194826,39.23,1600.0,97.7306526095771
13.2,94.6464711647541,39.28,1660.0,100.18138267526122
13.3,95.2785204156267,39.48,1603.9,131.70257540632971
13.2,94.99779363009664,38.91,1806.0,105.20067246341068
13.2,95.16916783718388,39.14,1552.4,-3.881497411235401
13.1,94.20784953980697,38.8,1599.7,188.46028711945058
13.3,94.7130068630213,39.07,1633.4,176.20425054478756
14.4,95.22444502896028,40.64,2628.4,-0.9038363924461663
25.7,93.3962953885497,56.96,2145.1,110.45934842921565
25.6,94.1062543978256,56.53,2061.2,45.490274182558316
25.7,95.92617787949372,56.2,1966.5,96.89046322117238
25.6,93.9135108465674,53.9,2083.6,160.90170595549483
25.5,91.72785082723887,49.79,2079.7,235.99303706594645
25.7,90.72899142266517,49.72,1935.3,138.94931701994014
25.6,89.32937490085777,49.62,1893.8,106.41620246867333
25.7,88.88005838092496,49.65,2478.0,61.34042357773844
26.0,88.46632192496585,49.53,1911.6,97.33091052620372
25.6,89.46042998889253,49.24,1909.0,179.1589066550901
25.7,88.98000853112144,49.2,1911.6,80.32965503062096
25.7,88.57130831845552,49.21,1890.0,20.993117208887625
25.7,89.21959534655971,49.14,1978.3,-30.729813203424186
25.6,88.80773243810889,49.17,1895.8,118.38730649404627
25.6,89.15179833498735,49.29,1892.4,99.63578120297117
25.7,89.25060102504847,49.39,1892.8,36.98594841931424
25.7,89.40122690584533,49.37,1896.3,153.9133312650346
25.6,88.90394744081766,49.66,1890.0,52.47686058856106
25.7,88.43007838594995,49.54,1890.0,72.49871850360525
25.8,89.87454822719211,49.52,1890.0,80.69149486078372
25.6,88.77482864279304,49.47,1973.1,57.23534461322764
25.6,89.68823582198478,49.5,1897.6,98.26503568092969
25.7,89.3396227051073,49.32,1890.0,162.32011913200085
25.7,90.36972074707442,49.34,1892.7,1.7059672108975548
25.7,89.61776561457471,49.4,1890.0,115.98902976048969
25.6,89.58744563107605,49.32,1848.9,93.93970892966358
25.6,89.9072863779064,49.3,1926.3,92.73365481676024
25.7,90.22283021300031,49.45,2020.2,143.0686536275225
25.8,90.26619943922474,49.3,1890.0,85.54929844108685
25.8,90.56573670207698,49.41,1893.2,115.76463020790209
25.6,89.8172558099067,49.25,1945.1,132.30169366330773
25.6,90.45862806584805,49.4,1890.0,46.921805127685865
25.7,90.39725024838232,49.5,2075.1,103.20098103814496
25.7,91.11385393310901,49.28,1887.0,64.72916045925797
25.7,90.09276881864174,49.4,1886.3,73.01879943900919
25.6,90.89235908157583,49.4,1977.5,59.78112266300836
25.7,90.65965695126445,49.55,1891.6,115.31711064079991
25.8,90.71107652558588,49.56,1890.0,88.07026463219293
25.6,90.84189898878104,49.38,1890.1,109.9848221529451
25.6,90.57607814625564,49.16,2074.8,81.15038838545881
25.6,91.1503357553539,49.4,1890.0,-29.90348265298573
25.6,90.77277182178196,49.4,1893.4,84.58790411392604
25.6,90.79592207778327,49.66,1890.1,86.84582959988167
25.6,90.61840352414157,49.56,1890.0,99.38503742881102
25.7,91.09596315074947,49.46,2299.6,40.988779995856554
25.7,90.9920051770774,49.57,1890.0,-1.0085301458061195
25.6,91.95812621230286,49.42,1890.1,126.50266266026222
25.8,91.46544615468495,49.69,1890.7,63.71770893262153
27.7,90.4798924159162,49.74,1890.0,94.93372604446105
25.6,91.64004025825469,49.52,2079.7,63.30944070835396
25.6,90.7581003453129,49.52,1895.0,82.64257155130282
25.7,91.28818247069879,49.53,1896.7,51.6638900966297
25.8,90.47857836323656,49.62,2118.6,15.387933543547874
25.7,91.11115388780095,49.74,1933.8,116.34893332047446
25.6,91.4748776567347,49.43,1891.3,40.9981533308398
25.6,92.2667711450363,49.48,1890.0,94.71767924330473
25.7,92.00449115972195,49.42,1890.0,111.99412977671324
26.0,91.71834173443261,49.6,1890.0,42.202737014816904
25.7,91.64569324416195,49.58,1933.7,-0.9773113651312144
25.6,91.49277161930262,49.39,2177.5,253.13347355454476
25.8,91.87803760286488,49.56,1890.0,46.37432718092659
25.6,91.28163100001892,49.51,1889.9,126.96680582462155
25.7,91.24316289143466,49.57,1889.9,219.09791248406808
25.6,92.10649975147822,49.53,1890.0,138.63568669180802
25.7,92.03953438835697,49.56,1890.0,62.31682613230156
25.7,90.59511180449685,49.5,1890.0,78.65450221023785
25.7,92.3373501834826,49.5,2004.6,25.074246555321913
25.7,92.55645388909291,49.48,1933.8,145.22111403352704
25.7,93.13105667216588,49.38,2282.9,123.26508408862051
25.8,91.99466714996309,49.77,1933.8,47.721532067513444
25.6,91.18863896219428,49.67,1892.9,10.868526947069029
25.6,92.29009875378063,49.85,1890.0,-8.589587709092285
25.7,91.98004080436266,49.73,2180.1,153.01736310455527
25.7,92.44733877193268,49.61,1890.0,92.44241943941127
25.6,91.8865031061815,49.78,2075.0,99.11189789393632
25.6,91.71948659583754,49.55,1890.0,26.496254487682137
25.6,91.70381301524591,49.69,1890.0,-18.30883267796837
25.7,92.44036626095983,49.51,1889.8,151.54800210015333
25.8,91.199449019677,49.55,1897.9,87.13215167959434
25.6,92.39483948249556,49.64,1963.8,147.7165574303534
25.7,92.30648151072367,49.77,2028.5,57.21241768628247
25.5,92.80576366198214,49.44,1911.4,67.66545204843608
25.7,92.23536923367284,49.44,1924.8,134.18629326530797
25.6,92.8787080356576,49.47,1918.7,135.5305983421209
25.7,92.56155142494563,49.53,1909.3,140.10501643961334
25.5,91.93808048055273,49.47,1890.0,63.61914670666832
25.8,91.6310462598758,49.46,1929.8,127.30818089583924
25.7,91.53865561776462,49.55,1902.8,161.93248070460703
25.6,92.8430813631052,49.53,2074.4,76.9662745853438
25.6,91.50733557490143,49.72,1888.5,48.36020762840976
25.6,92.70556408439586,49.59,1924.2,178.3001913608781
25.7,93.41110818212347,49.64,2961.7,38.49960391080731
25.7,91.8854822252876,49.56,1889.1,128.37666426850237
25.6,92.55153384591671,49.55,1933.4,80.22587631352533
25.6,92.18124482702848,49.72,1913.4,-44.592345811490944
25.6,92.42954665082908,49.53,1889.8,163.32036996456463
25.7,92.6240730326998,49.59,1933.8,-108.72966161341134
27.0,92.03597030033337,49.73,1889.7,-54.56776108636387
25.7,91.65714885511696,49.72,1889.9,121.23525361231546
25.7,92.49311629611474,49.63,1887.3,121.21793474883624
25.7,91.39404023968096,49.55,2258.8,39.693043163735446
25.6,92.72222023543137,49.67,2068.9,94.67175955411564
25.6,93.51807065297092,49.54,1930.6,-92.87539695650511
25.7,91.99028849238611,49.62,1888.8,133.81340782370387
25.7,91.60621915227705,49.5,1938.6,101.80626560789943
25.6,94.16826823707517,49.59,1994.0,81.13078455365981
25.9,93.08141842118188,49.53,1927.1,85.7849453936157
25.6,92.96461202462977,49.81,1947.8,118.85405273088813
25.7,91.91644831699861,49.69,1889.4,82.30333969291924
25.7,93.34576257483782,49.56,2068.0,-46.85728080408134
27.6,92.05819237643384,50.02,1962.8,238.06999514561505
26.4,90.98175728609671,50.12,2155.5,168.38291027967426
25.7,91.68925488013733,49.86,1883.1,-5.619176355107697
25.6,92.50856064302103,49.62,1885.4,60.1674263511094
25.7,94.1667267124073,49.61,1889.9,67.80470930087725
25.7,92.76204485156477,49.5,1935.7,159.84663187565752
25.8,93.41145383090635,49.44,2025.2,-66.82161258535818
25.6,92.54041272300532,49.5,1845.0,49.39667744388649
25.8,92.4462596153607,49.58,2072.5,-38.917258472749296
25.7,92.60461839185068,49.52,1926.5,64.37063756876088
25.6,93.8263540868531,49.59,2198.6,51.39441260928958
25.8,93.95653761213283,49.93,1895.1,90.16888857323782
25.6,92.18220380230572,50.15,2071.8,42.35180034733793
25.6,92.18732881458283,50.25,1964.7,32.208669638946965
25.6,93.11040527067581,50.4,1884.6,128.23047940426147
25.8,92.02466517908962,50.07,1905.3,116.60255119969558
25.6,93.28807315961278,50.07,1884.4,123.30614942813466
25.8,92.69052526591874,50.09,1894.3,72.26814428425006
25.6,92.80960504127252,50.11,1889.9,44.580902270054416
25.7,93.61753827130053,50.37,1883.8,76.24166383049106
25.6,92.30418929080938,50.13,1890.9,119.60760684094491
25.6,91.8321054733013,50.28,1888.7,-67.87813142229912
25.6,92.89877980487792,50.12,1885.7,112.0589406248308
25.7,92.71083542055364,50.12,1899.4,106.08923778747598
25.6,93.18003559870434,50.33,1974.7,88.78181839893499
25.7,93.01211189727539,50.08,1889.9,73.96375219597672
25.6,92.6031484200879,50.19,2117.5,-95.22589404732408
25.6,92.48019631854578,50.28,1888.0,53.601490105724736
25.6,92.98327525163397,50.59,1890.0,209.6423705197563
25.7,92.39850810358669,50.17,1889.9,85.27662732247053
25.6,91.99754234503544,50.19,1889.2,62.85634243055549
25.7,91.53474308635768,50.17,2119.0,85.54419515842578
25.6,92.41190045116433,50.09,1979.8,109.1898730510108
25.6,93.20391856763825,50.35,1932.1,130.46894853825518
25.6,92.86042807672858,50.1,2016.0,68.32631527743784
25.7,92.76260010433931,50.25,1886.4,114.08923486127755
26.7,91.57020494547183,50.16,1889.6,201.7078144829569
25.9,92.4895628616083,50.07,3375.2,154.77760050650255
50.6,90.66787899343578,49.61,2355.9,248.15917797426914
50.8,88.60712746936287,49.73,2280.2,38.07838835001834
50.7,87.05770389066826,49.32,2292.2,200.8583569445838
50.6,84.26670375828932,48.95,2153.8,27.58767291194468
50.6,84.94988539434007,48.78,2933.9,106.89848382237979
50.6,84.90311886415547,48.94,2413.8,132.6120075646322
50.6,84.83923760027639,48.8,2414.9,44.89557450695739
51.0,84.04575138040902,48.77,2281.3,86.22210567242918
50.6,84.20715631900364,48.82,2282.1,143.29931748347425
50.6,84.29570383271806,48.72,2280.7,29.425146383235024
50.6,83.26742790720598,49.06,2286.0,195.64146004364358
50.6,82.54725489002385,48.75,2280.3,-18.44271353690239
50.7,84.39383469061775,48.71,2280.3,213.99771865589713
50.7,83.61914219901453,48.85,2423.1,148.09137445114516
50.6,83.7064242407391,48.88,2157.6,71.53009791995314
50.6,84.41839483085558,48.96,2288.5,49.464605236891785
50.6,83.84151724867212,48.86,2293.5,42.02381962457188
50.5,84.46338959351318,48.8,2280.4,67.89485849896096
50.6,84.01157814637583,48.75,2416.2,73.90788501099135
50.9,84.24315387482847,48.86,2553.6,165.08516828591854
50.7,83.4032440201493,48.95,2294.1,214.95434339519403
50.6,84.39534233328442,48.79,2420.7,91.04499235881269
50.7,82.76072502409977,48.77,2153.2,17.843269066819033
50.6,84.26156933519859,48.75,2284.5,38.79297589763214
50.6,84.53812945200606,48.84,2280.3,64.14049900805095
50.6,84.31284573076911,48.77,2280.4,4.816903470440437
50.6,84.75720388826507,48.7,2410.7,-5.627139932483999
50.6,84.78436738962027,48.87,2543.4,223.67497434888955
50.9,83.10092382122394,48.76,2149.8,98.03973087659878
50.6,84.1896418445344,48.98,2283.3,18.52107209368257
50.7,83.61745635252316,49.03,2410.5,133.9887076586507
50.6,84.23047664276524,48.74,2151.8,-5.669614662910007
50.7,84.46643630408228,48.81,2410.6,0.08370361156005401
50.6,84.05400812853395,48.74,2413.2,20.58302184365658
50.7,85.58735343241686,48.77,2280.2,192.604646090983
50.7,85.51040762453492,48.9,2410.6,59.08092936137989
50.9,84.78931614448805,48.84,2913.3,-94.14221021218793
51.0,85.00192296061778,48.75,2280.3,161.47742736262973
50.6,84.3215036112363,48.77,2410.4,55.32231974292246
50.6,84.57738834430006,48.78,2280.3,-52.69277246234405
51.0,84.1063749342666,49.33,2410.2,54.59520059933402
50.7,85.70079014780283,48.97,2280.5,113.2309858056
50.7,85.28038135243496,48.89,2272.9,105.04217274407611
50.6,84.9256333054205,48.84,2279.6,202.6460949652904
50.7,84.5892373814908,48.82,2280.3,17.061864080294924
50.6,84.86130503808452,48.99,2280.3,80.02480570970961
50.7,84.19241729128038,48.97,2280.2,27.783513196997788
51.7,85.30281242847947,48.94,2395.1,-31.2010193002414
51.6,84.66802718518993,48.87,2280.4,138.7386518603514
50.7,84.97259171589626,48.83,2280.3,109.17997026942079
51.0,84.3088117009793,49.16,2275.0,96.6080518436499
50.7,85.29402378959938,48.96,2149.8,106.6254148381258
50.6,84.69281940652984,48.84,2272.4,28.90873642532818
50.6,83.69250046960613,49.03,2671.3,6.61365458421642
50.6,84.67011400413122,49.01,2280.3,79.75003014387167
50.6,85.66454916770506,48.89,2276.7,158.486555147027
50.9,84.80229814702969,48.87,2541.2,189.8411429132302
50.8,85.06582566597902,48.87,2280.3,133.01892139327992
50.8,84.49628900421247,48.99,2280.2,79.4342970030124
50.6,84.13893910863278,48.82,2280.2,96.32239911785436
50.6,84.12573422037255,48.93,2280.3,78.28771560365601
50.7,84.58571788872854,48.8,2279.5,5.692939854288042
50.6,85.26213146172807,48.86,2268.7,79.26219406299883
50.6,86.37408907647406,48.84,2137.3,-15.877281281172813
50.6,85.60342553779249,48.87,2267.2,68.89535073030568
50.6,85.92408298387222,48.78,2272.8,192.12525081563302
50.8,85.0843167647917,49.03,2274.2,135.2126047076417
50.7,83.65972229251851,49.05,2540.9,13.006497349328953
50.8,84.985976171419,48.91,2403.5,72.5653293340433
50.6,84.07271226402419,48.86,2541.3,19.237967754821007
50.6,85.75428319748397,49.02,2541.1,73.27594936860007
50.6,85.28262156131659,48.87,2410.4,150.53592332657348
50.6,86.17969065459954,48.86,2276.2,123.37442542606921
50.6,85.44235290302731,49.09,2280.1,251.5586249348931
50.6,85.00063700668856,49.07,2279.6,161.14592656584162
50.7,84.81531149339217,49.03,2534.7,91.95590880720329
50.7,84.34271856839311,49.03,2279.7,125.07924800133067
51.0,85.50379473846911,48.92,2410.7,63.51016514736663
50.6,84.77495585627582,49.1,2279.8,-1.242038056884624
50.6,84.2641888116275,49.07,2278.8,169.08938083342105
50.6,84.52496052830564,48.99,2410.9,148.31592068551578
50.6,84.76932789405366,49.04,2280.2,60.813994683677876
50.7,85.70949117006755,48.96,2409.4,96.86437283466074
50.6,85.43736044947156,49.04,2410.4,164.55553367898347
50.6,84.23153463801351,48.93,2280.0,136.93517181216137
50.7,85.98116710011638,49.16,2280.3,-24.72585140639994
51.1,84.71596426477551,49.11,2280.3,94.74520225820484
50.6,85.24910023603925,48.92,2278.8,65.95807385664409
50.6,86.36549311966564,48.88,2280.3,155.60273748441278
50.8,85.26534084303064,49.0,2280.1,149.86602697778568
50.6,86.17302379105298,48.95,2406.5,169.99587794601263
50.5,85.10848643852684,49.13,2280.3,-0.5590232328974878
50.6,85.40756218079453,48.99,2149.8,22.805986021952776
50.6,85.39673693476676,49.0,2280.3,155.67974492448678
50.6,85.2936542790403,48.93,2280.3,36.27892116178396
50.7,86.42222598808559,48.93,2280.3,-28.80604966360964
50.6,84.5410511695643,49.07,2410.0,114.97612428331767
52.7,85.37994313679242,48.86,2143.0,39.38917380916504
50.6,84.77279521210845,49.02,2280.0,202.97989885520371
50.6,86.65810283742093,49.16,2409.3,98.42753197276576
50.6,85.30508969976762,48.98,2410.1,88.91282127945391
50.6,85.18359148160098,49.03,2145.4,51.84764811925373
50.6,83.92974029043246,48.98,2280.3,189.05323582739123
50.5,85.83537181571474,48.94,2280.3,102.79361027691522
50.6,84.80855165308115,48.9,2402.1,49.09986210099915
50.6,85.92918129373174,49.11,2270.9,22.108994653762274
51.0,85.85886218175965,49.05,2280.1,72.55176217922677
50.8,85.25010149225473,49.05,2408.9,9.259615998077322
50.6,84.99600022205559,49.11,2274.1,149.71633132660276
50.6,85.19265008558418,49.02,2280.3,-48.88901993398122
50.7,85.03098022601083,49.01,2275.2,67.92895328724295
50.6,85.84973092107641,48.99,2272.4,120.40429313612964
50.6,85.19066535218825,49.13,2147.9,101.64331264065409
50.5,85.81682598575563,48.91,2537.3,27.48515213693456
50.6,85.99052612290143,48.9,2401.1,123.91307568028512
50.7,85.00633961950943,49.08,2278.2,15.672214092189144
50.6,85.2840008188746,49.06,2274.2,76.12804963254557
50.9,84.92736252393551,48.92,2280.3,123.32388928784883
50.6,84.64822828349057,48.97,2408.8,110.09887692635827
50.7,85.63660719196848,48.92,2402.2,30.44225420820154
50.6,85.52728984112173,48.97,2280.3,161.51960341593508
50.6,85.47867664374648,49.16,2280.3,83.7636091719526
50.6,86.12777928616173,48.94,2149.8,129.70466955851103
50.6,86.2490791363817,48.92,2274.0,184.73206264098218
50.6,85.39274840114211,48.95,2146.6,155.92143176199914
50.7,85.05051582512652,48.88,2272.4,156.10405278878324
50.6,85.01551454013351,49.06,2404.3,91.18259028323169
50.9,84.5416199932738,48.93,2661.3,133.270454378439
50.6,84.91666314280202,48.94,2266.8,92.64675674699997
50.7,84.69211996347464,48.95,2402.7,-6.957715696115756
50.6,85.59591952366021,48.93,2276.4,98.88706296647017
50.6,84.68269726120471,49.31,2403.3,95.64026672914221
50.6,84.78413980403526,49.08,2279.7,118.55605349385954
50.6,85.23600469415875,48.99,2280.3,68.73521019429471
50.6,85.99448781252025,49.14,2273.4,24.393109716877973
50.7,85.58541383570018,48.93,2279.7,123.65042470906128
50.6,85.8545249331003,49.01,2410.7,-14.234061053881277
50.6,85.38278936675727,48.98,2273.3,179.8123387056625
50.7,85.99614923000856,48.94,2273.1,61.49573503200375
50.5,86.46733593420174,49.14,2410.4,94.88197146283201
50.6,85.1558498915323,49.13,2279.8,116.79407023577524
50.6,86.4482372255757,48.96,2270.7,119.04316271924878
50.6,85.1070793689718,48.99,2272.1,-20.93390135348932
50.6,84.68398500627625,48.98,2272.5,135.38106033476078
50.6,85.69637562531298,48.99,2275.2,98.91576772850209
50.6,85.32747695030683,49.13,2277.2,33.22670286173589
52.8,85.59929771977177,49.12,2270.4,25.21831324749877
50.6,85.15201450650306,49.14,2276.6,54.45340909767664
0.6,82.71575196349107,17.12,1399.1,-12.953986947326982
0.8,80.51837841098816,15.6,1182.0,198.19295881718813
0.7,77.06219101235287,14.83,1117.6,180.96332299091597
0.7,74.42187681068064,14.66,1182.6,107.52908476456534
0.7,72.23822355107922,14.65,1194.5,58.83442094786579
0.9,71.21243667579542,14.48,1498.8,59.310529422422654
0.8,68.6693943873492,14.34,1142.2,124.72884972351204
1.1,66.6834871012782,14.25,1124.0,193.20062071277067
0.7,65.48157844842966,14.13,1208.6,28.798055313716993
1.0,64.65399525295823,14.22,1177.0,-11.002319960967043
0.7,63.895892069561626,14.51,1125.4,174.14887672093477
0.7,61.67328586509062,14.25,1194.8,-60.63028194703567
0.7,62.167059538665164,14.06,1142.2,-7.4127752713907
0.8,60.416423086591976,13.85,1303.5,44.66992163459066
0.7,60.74026331543902,14.23,1340.9,-48.32961475255438
0.9,60.54532559250677,14.19,1217.2,137.85930319119
0.8,60.08814385992038,14.1,1164.5,119.0920324108759
0.8,59.625283262194074,14.19,1201.2,18.107963049118872
0.9,58.620667178587254,14.25,1121.2,147.12395395350475
0.8,58.49604348220283,13.78,1172.0,158.32779075767087
0.8,59.42287435607066,13.77,1178.6,48.382777273688134
0.9,58.37281358058111,13.82,1160.4,24.271241826133178
0.9,58.21544054387819,14.21,1314.6,213.57645405948313
0.7,58.00604096955379,13.84,1142.2,105.39186784577404
0.8,57.83951534096605,13.91,1174.3,72.43355996272045
0.8,57.25849913992938,14.2,1231.0,149.58230038143847
0.7,56.62625035231708,13.73,1177.0,74.82386594937726
1.3,58.017694389289716,14.17,1229.8,17.91672225994771
0.7,56.73717247160621,13.87,1172.1,58.599572017276
0.7,56.556463299385975,13.79,1234.8,125.42068057805662
0.8,56.181900959177376,13.9,1177.0,-86.97059124862106
0.7,56.3117907731115,13.49,1142.2,32.12263687570483
0.8,57.28334944534313,14.1,1146.0,148.9308382416951
0.6,57.17276362748256,14.01,1170.6,16.143259213289106
0.8,56.6929012478487,13.8,1160.4,160.08028942655872
0.7,56.393882188402756,14.08,1254.3,150.63947902209293
0.8,57.280087329352874,13.59,1177.0,46.81188683264354
0.9,56.401780467915316,13.99,1177.0,11.423959837109557
1.0,57.16832792734718,13.77,1283.1,30.95595831196425
0.7,56.25785616927293,13.77,1180.7,237.46605701717328
0.8,55.959530574393014,14.04,1140.1,182.043922475839
0.9,56.17330838552766,14.27,1196.7,59.5190725384068
0.7,56.299803047118886,14.01,1181.7,8.092325221716202
0.9,55.9375096842165,13.83,1236.9,58.789110250561556
0.8,55.38991983240951,13.94,1160.4,67.6073119590657
0.7,55.61275527895112,14.1,1176.3,-36.68609860114643
2.8,55.72846987323834,14.46,1137.3,55.790049921850304
0.8,55.51506688995991,13.64,1377.7,142.76001465208589
0.8,56.14384594581467,13.62,1158.6,-75.75938755717807
0.8,54.78412415199341,13.86,1120.0,108.05974566838617
0.7,54.93163394352823,13.49,1129.6,146.29539579629656
0.9,54.87245056190885,13.76,1141.7,10.702093051986914
0.8,53.84035018878999,13.4,1124.0,168.43274420067772
0.6,54.67473501302658,13.43,1124.0,1.4312805868240446
0.9,55.350255714952404,13.43,1124.0,80.55793004470524
1.2,55.089501977358175,13.83,1172.1,28.14623423085131
0.8,56.00728543144403,13.36,1135.1,28.078028832327377
0.7,55.68080020398067,13.74,1124.0,6.312172875590001
1.0,55.70542502594289,13.95,1116.9,98.3854252551966
0.8,54.75813404247259,14.15,1142.2,108.86925239682836
0.8,54.80618607351445,14.02,1161.4,44.91588583187968
0.8,53.03359029576403,13.84,1340.0,-45.79565112511874
0.8,53.78448647984038,13.64,1140.1,77.46209192155668
0.9,54.046407517832115,13.55,1125.7,78.64353337732555
0.7,55.144145582279386,13.79,1206.6,33.81547318874052
0.8,54.86667311054604,13.95,1124.0,179.59226049057847
1.1,54.29928717877311,13.93,1124.0,-60.673513713312175
1.0,54.78082017111178,13.78,1170.3,-106.4801801124762
0.8,54.813268909761284,13.62,1174.8,-2.4898403143544456
0.9,54.558354380516334,13.73,1221.0,98.3464046512116
0.7,55.35775062087933,13.43,1142.2,-25.336565445280243
0.7,54.62310319477045,13.41,1177.0,-20.13291399799995
0.9,54.71756483051385,13.34,1144.9,115.07466128647235
0.8,54.15179198730967,13.71,1161.9,80.85442218674376
0.7,54.92850246496545,13.54,1128.0,74.8472961262541
0.8,53.9848441679336,13.84,1140.4,103.13347694701315
1.1,53.97115463314578,14.08,1177.5,18.65330296766034
0.9,53.983641976815456,13.53,1133.3,21.87377805817452
0.9,53.51566079031237,13.53,1239.9,105.07518783521047
0.8,54.62292422239378,13.41,1171.2,-45.76165671215985
0.8,53.857447387885486,13.63,1195.4,-101.61865899675274
0.8,54.172050654594145,13.58,1124.0,18.03445355952386
0.7,53.75310905029981,13.51,1135.5,113.51919909105102
0.9,53.367589362608896,13.59,1173.8,66.09978745706096
0.7,54.33131118129227,13.67,1172.4,108.09567253739809
0.9,53.02950326256014,13.84,1292.8,-93.16187456815258
0.8,54.3171947188336,13.8,1342.7,69.97294466989305
1.1,54.07937698813213,13.59,1189.1,93.58170819912777
0.8,53.978264878420894,13.47,1142.7,-46.8100556397108
0.7,52.54241399522775,13.3,1176.3,108.0341806898397
0.8,53.769294516080905,13.54,1232.3,39.83655419343883
0.7,53.80258491731067,13.26,1259.7,262.5962645189378
0.7,52.77672130796765,13.85,1129.1,-104.83798372723146
0.8,52.48707318944185,13.85,1279.0,143.3775156684416
2.2,53.01729924027174,13.91,1201.1,19.923766684702514
1.5,53.86841549667014,13.85,1232.0,-65.70676158550452
0.9,54.15235829739161,13.62,1169.1,10.589169611954311
0.8,52.94581856528499,13.75,1124.0,66.8844221059008
0.8,54.120852242431134,13.49,1326.0,120.0706607999895
0.9,53.22534006484494,13.28,1222.3,167.97454501012328
0.7,52.86055952796745,13.24,1206.3,146.96025432404434
0.7,53.148431172141876,13.43,1233.3,-20.156914051785314
0.8,52.723406463860755,13.47,1138.3,126.52463174652807
1.2,52.73933513517759,13.59,1124.0,74.79733479317608
0.8,53.39424136209289,13.24,1306.0,1.5803181604785266
0.9,53.01885617242631,13.37,1142.2,32.56465863825786
0.8,53.280146352251364,13.36,1208.2,-2.2940960067013663
0.8,53.1746041396415,13.51,1309.9,49.98837056681682
0.7,52.33231762315702,13.1,1124.2,-3.6866811240132407
0.8,52.921648413545476,13.63,1256.1,-24.57237008413184
0.8,51.650878090236056,13.32,1158.1,80.78159672971961
0.7,51.92844158833633,13.78,1203.2,91.13203249536133
0.8,52.940026293794055,13.35,1143.9,33.88509499319589
0.7,51.7272967627644,13.31,1116.9,142.66406852518548
0.8,50.79531058125345,13.75,1288.5,28.62318960755939
1.1,52.701839164589785,13.54,1148.3,25.595237904097036
0.8,52.394496409479835,13.44,1124.0,92.96939141765083
0.7,51.79046855531348,13.57,1146.1,37.41922230940064
0.8,51.882813644916915,13.52,1143.8,52.58562729894912
0.7,52.78916873017465,13.33,1239.5,-129.81424961628332
0.8,51.66453721338986,13.28,1247.1,47.757618759651784
0.9,52.980287821280164,13.59,1119.3,-81.33970406919369
0.8,51.653930681977975,13.59,1127.1,-38.92300514919561
0.7,52.510937671907186,13.13,1180.9,-46.946448115268815
1.2,52.29499941880549,13.84,1366.8,-26.46948558939377
0.8,51.771795640735704,14.01,1168.3,8.078989710020245
0.7,51.56047409933166,13.35,1131.0,12.433587813452291
0.7,52.47001640749454,13.43,1209.5,92.97824956438961
0.9,51.63482565739237,13.23,1124.0,62.038409465860994
0.8,51.79170546595382,13.32,1142.2,-86.61051191229163
0.9,53.03569252129278,13.42,1191.7,52.289743017498814
0.7,52.863740095523255,13.38,1148.5,68.73224289167885
0.8,50.87428400710158,13.08,1105.8,23.450688148506032
0.7,51.6791335125353,13.07,1142.2,42.18489925981196
0.8,51.86579609545575,13.59,1157.1,59.765713774582935
0.9,51.663375628201116,13.56,1356.4,99.96350108176124
0.8,52.258597458052606,13.51,1289.4,-63.80217426221139
0.7,52.19414483177507,13.31,1124.0,29.335443426377598
0.9,52.66117083371456,13.71,1124.0,152.01964257552112
0.7,51.47728886278363,13.49,1125.9,145.458989935615
0.8,52.43049464586663,13.14,1367.6,105.73637854584896
0.8,51.5042718578793,13.02,1177.0,83.64490243821002
0.6,51.30679738022485,12.89,1251.4,161.803530765262
2.8,52.26146187385981,13.99,1141.6,180.15359373301504
1.0,52.49805660468202,13.5,1212.8,36.9471244141865
0.7,51.36185416248826,13.37,1473.7,-21.81083098933616
13.4,55.61572484936947,17.96,1319.5,27.185686801004646
13.3,55.91378084616561,17.66,1330.6,263.2072876435551
13.3,76.58347328155959,37.12,1561.4,-62.84950756317889
13.2,87.60569590727226,38.77,1560.8,18.244756196387783
13.4,92.6152245430986,38.6,1559.5,-43.160509105554254
13.3,93.65713623912512,38.73,1558.9,68.75128623500743
13.5,94.43442907271341,38.87,1507.2,-20.23985356408886
13.2,95.49321990365792,38.45,1557.6,59.677044091415844
13.3,94.8720985850866,38.63,1554.2,-66.37711286500941
13.4,94.97664822027468,38.94,1616.7,115.91906264178371
13.5,94.37435018948466,39.41,1663.8,160.4224416257377
13.2,95.51659836993704,39.38,1554.1,49.828979077590404
13.2,95.73761553101743,39.57,1556.0,68.81567723342852
13.3,95.48275510590062,39.49,1604.6,68.17055491822666
13.2,95.30824051564136,39.51,1551.4,93.40694917475751
13.2,94.24220197590238,40.24,1556.1,79.03535053500491
13.1,94.819998787517,39.8,1555.2,136.29482504940523
13.3,94.1404735899814,39.65,1555.8,169.53588196393434
13.2,94.8104797457402,39.58,1554.1,26.830185654560132
13.2,96.82404206013166,39.54,1504.1,62.665401050460225
13.4,95.20866718961234,39.53,1558.0,147.859497637694
13.1,95.58603230854847,39.65,1554.0,-14.407117583114683
13.3,94.65037390724845,39.47,1554.0,-52.53173131532493
13.2,95.81240248906418,39.42,1554.0,101.52356135467872
13.5,94.98975245281284,39.55,1552.1,120.64897672895188
13.4,95.8614413685953,39.33,1552.5,35.53350560416336
13.3,96.0288500265307,39.19,1507.2,45.75026715834575
13.4,94.11815432551818,39.61,1812.6,33.17950228289806
13.2,93.78354361874989,39.5,1754.4,25.824753329936428
13.2,94.25161441818496,39.28,1792.7,135.15329951376182
13.3,94.72891593817776,39.33,1552.5,4.057909170889133
13.3,95.2699849401351,39.58,1801.7,68.17778247128086
13.3,94.40476559463214,39.36,1748.3,23.451693629833315
13.2,95.25235851497405,39.4,1650.1,-14.993286760593051
13.3,95.63525144311632,39.48,1599.8,147.83337255189218
13.3,94.77117842085056,39.54,1705.9,50.570499719527795
13.2,95.85800654455323,39.28,1650.0,100.18083111037717
13.4,95.56138728203801,39.34,1603.4,-18.54828992728514
13.3,94.44460280755109,39.17,1641.4,35.10420664701443
13.2,94.26648568514597,39.42,1554.1,139.98562479712297
13.1,94.62193543342057,39.51,1550.5,268.1850540853734
13.2,94.62953867944798,39.59,1603.3,-51.24498015755036
13.3,94.24429243594629,39.34,1552.0,73.0245770270459
13.2,93.99851909408481,39.26,1550.4,115.97194616275488
13.2,94.33189310132349,39.33,1500.9,43.993947922053536
13.2,94.87315823924638,39.06,1550.5,146.59485394107156
14.4,94.48805972840577,40.75,1756.1,26.463280677538542
13.1,94.0940296777939,39.16,1574.2,97.90921869536129
13.1,95.17494578098412,39.1,1559.9,50.599366793281746
13.2,94.92443273079154,39.39,1623.5,172.50841589877598
13.4,95.71743663965387,39.18,1620.8,39.805988865658236
13.3,93.99888064842175,39.02,1550.0,62.52311272637193
13.3,94.78060271760035,39.1,1553.1,153.3548693212647
13.4,94.74889561251533,39.35,1568.4,15.195935055493806
13.2,94.84266855408852,39.09,1553.9,91.97284898664519
13.5,95.09035300707684,39.34,1550.4,-40.41561079684625
13.1,94.69247517715738,39.15,1504.0,11.007682167998254
13.3,94.89676406078236,39.34,1550.5,113.91325994358472
13.2,94.21109920649977,38.9,1553.0,17.81613436900794
13.3,95.32731002694666,38.97,1600.0,49.04561080339716
13.2,93.9788631365986,39.45,1550.9,121.68240676975884
13.2,95.2311326394038,39.2,1500.9,46.62387495215761
13.2,96.40209866499968,39.36,1550.3,144.76631423272138
13.1,94.45918221496996,38.98,1600.3,102.26415886546437
13.1,95.28337483232066,39.17,1550.5,117.66591701493911
13.3,95.93493498257385,38.98,1579.4,174.03597621488757
13.4,95.39052041888709,38.79,1749.8,109.55624104069636
13.1,94.931332451303,39.69,1555.4,194.8881429919091
13.3,94.96335851381386,39.18,1599.6,150.95736757284442
13.2,94.11092444118721,39.23,1499.8,50.527486507755285
13.2,94.34197644250793,38.94,1645.2,177.68964835823118
13.3,94.48169886871875,38.87,1599.6,105.64001210393702
13.2,95.35152787264242,38.94,1596.3,59.541902438385996
13.1,94.54511492071987,38.8,1550.4,106.65655841038983
13.2,94.94293229156568,39.11,1498.2,165.03250348455725
13.2,94.1251252074839,39.02,1550.3,119.02283850760855
13.5,94.54577085143922,39.08,1601.2,214.73722790265293
13.2,94.8364313483571,39.2,1554.1,163.22690923336432
13.1,95.05307696998533,38.81,1553.1,123.79100699153116
13.3,94.70510090396327,38.9,1611.1,15.345068163491803
13.1,94.27775582180614,38.67,1603.4,74.58858288135846
13.2,94.10698193426539,39.02,1551.2,92.18636981531647
13.2,95.13557726206545,39.32,1563.3,135.93410311308563
13.1,94.83950223657342,38.9,1554.7,131.78322621272034
13.1,94.79759896893971,39.03,1550.3,99.03775504039685
13.2,94.19765908525264,38.8,1558.4,95.59443145275128
13.2,94.59891757550108,39.06,1619.3,137.60192942522178
13.3,93.9262617216696,39.22,1551.6,27.06891896031336
13.2,93.99337581142096,39.0,1609.1,205.85606888874048
13.3,93.84963891105835,39.03,1605.5,-56.13171465138005
13.0,94.67571177789931,38.84,1550.3,189.04863596559557
13.3,95.18723059576102,39.08,1550.4,84.00698939175913
13.1,94.15458430437864,38.86,1550.3,157.350566923304
13.2,95.53345127404482,39.14,1550.3,112.63881333613145
13.3,94.90104484390379,39.14,1605.2,111.39239425905741
14.4,94.14222287907515,40.28,1498.0,125.96780099286255
13.1,94.39447579157752,39.12,1550.3,143.80378975649967
13.2,95.5006940648796,38.69,1551.7,64.1518332311951
13.1,95.76140496665528,39.07,1551.3,159.60593156529316
13.2,95.62521996672251,39.02,1649.8,11.257049913673285
13.3,95.44644529357524,39.0,1550.3,86.79685439673119
13.2,94.75911519765435,39.08,1557.4,145.6878900491853
13.2,93.82757970048041,39.0,1504.0,156.8212266207193
13.3,94.8284829712535,38.7,1550.9,119.42521601876408
13.8,94.75334139836825,39.61,2186.2,59.632526487494616
13.6,94.19864520437639,39.56,1551.1,149.93954205854595
13.2,94.04078477050555,39.16,1602.4,40.31436119851345
13.2,95.23166403867634,38.84,1499.0,209.76863340872603
13.3,94.55994074324376,38.81,1550.2,81.24303568438043
13.6,95.80822391825782,39.01,1600.8,-20.60379986146384
13.3,94.53072153422335,38.6,1550.2,3.54215616185175
13.2,95.1618598541485,39.04,1546.5,90.22505366612995
13.3,93.7661253240956,39.06,1602.3,96.95776821469873
13.2,94.48885416144601,38.86,1548.2,225.04596728517043
13.2,94.19737851949789,39.06,1677.0,14.475045804808843
13.2,94.31555642549552,38.76,1547.2,89.93235347340914
13.6,94.61660297775339,38.97,1500.9,13.010501098069938
13.2,95.00601862116363,39.09,1550.3,52.68415992980358
13.0,93.91429625091979,38.84,1600.2,205.0480418113842
13.4,96.00915893797105,39.27,1549.0,7.626464129631614
13.3,95.04467629968208,38.9,1547.0,128.2629694727167
13.2,94.27962374217613,38.97,1599.5,114.67351495078049
13.1,95.40183318127518,38.67,1550.3,85.47800000173252
13.2,95.14343748939879,38.64,1553.9,123.5305634932077
13.2,94.30407610852652,39.34,1546.9,5.968573153287963
13.4,95.63761704741783,39.23,1550.1,203.1125754521695
13.6,94.6228826113528,39.02,1546.8,221.90918457867886
13.5,95.1062560035626,38.83,1693.6,90.46732877517945
13.3,94.07046362755582,38.94,1603.1,256.78742908517216
13.5,95.0673235439696,38.68,1550.2,59.23804474239546
13.2,95.32772870037229,38.59,1550.1,115.20023952819602
13.3,95.54757740521758,39.17,1554.2,187.4022344287339
13.4,95.17153754465929,38.9,1648.7,55.039687754236596
13.3,95.52043809409872,39.07,1642.7,-9.538434147196455
13.1,95.14738579265554,38.86,1548.4,-25.65019461511018
13.2,94.02319859898323,38.81,1547.2,231.42785945466431
13.3,94.61875683113863,38.74,1546.8,50.13827443954201
13.1,95.44801176507313,38.88,1549.8,74.16842654732308
13.3,93.87799974223317,39.18,1599.1,9.276514506151486
13.2,95.09489808235932,38.8,1546.8,153.5537495433747
13.3,94.47795407598966,38.75,1550.0,32.46080984606083
13.2,95.84686453444147,38.95,1551.3,52.78158805672198
13.1,94.515426819007,38.65,1553.8,108.13642935319356
13.2,95.97784982062045,38.87,1549.9,12.686785087762914
14.0,94.91092168932647,39.04,1744.3,74.66924112971427
13.4,95.8576457640979,39.23,1548.1,185.3246712615824
13.1,95.62790587224896,38.75,1547.2,117.14780782308094
13.3,94.5981699669108,38.87,2470.8,96.30796046735053
25.7,94.54450375369072,58.93,1931.6,102.21052966023117
25.7,96.34819670526069,56.75,1924.7,59.93054327973708
25.6,95.32012145722233,56.07,1924.7,226.90066238122688
25.7,95.26561974428121,54.55,1894.7,30.31900086124005
25.6,92.77845379596337,49.86,1890.1,101.93483133630615
25.8,90.98134456238702,49.71,2076.0,94.65328964300289
25.6,88.90830445448645,49.66,1890.0,156.58952549847487
25.7,89.88294384223892,49.6,1894.6,162.66677821483688
25.5,88.05979141675354,49.68,2031.3,82.60934581029484
25.7,88.65335530267691,49.26,1890.0,104.69246732364479
25.6,89.38002577247676,49.2,2303.7,106.91412365884801
25.6,88.67436672852656,49.16,1894.2,-75.49797863780161
25.6,88.68050109822985,49.19,2120.7,-27.987375509124533
25.6,89.38982018780463,49.15,1895.3,40.62390381413385
25.6,88.81378006959103,49.18,2141.1,43.4424504935902
25.7,89.16153375049942,49.4,2266.8,-1.3858153735138927
25.5,89.67119599713875,49.27,1890.0,134.87289103553314
25.8,89.72625549718676,49.27,1933.8,82.41283385469528
25.6,88.70109444206713,49.21,1977.3,67.11899440887278
25.6,90.23935564351801,49.11,1978.1,-5.882648398458386
25.8,90.40812469814227,49.37,1947.2,78.98772219736469
25.7,89.72929880006663,49.21,1933.9,-101.7130746295779
25.6,90.7518444104469,49.33,2234.0,70.7895627903673
25.6,89.58624454387851,49.37,1982.9,86.65476068130266
25.6,91.03822305062576,49.21,1933.8,99.19604218755067
25.6,90.48671778480468,49.36,1991.9,-27.199554151260685
25.7,90.77635893522285,49.19,1933.5,98.04648046684879
25.7,90.74301503225043,49.27,1933.8,9.427598673160759
25.6,91.02913268751563,49.12,2082.4,25.47060616866353
25.8,90.95470481052078,49.4,2074.5,132.6120422723444
25.6,90.0271424510325,49.45,1892.4,223.35615411022627
25.7,90.62326853484556,49.29,2021.6,85.97295256997515
25.7,90.8512344544838,49.38,1891.7,25.33148143090316
25.6,91.25437307564722,49.2,2152.2,95.7207453310614
25.7,90.9496815134432,49.4,1893.7,148.37578292949746
25.6,91.0376494652392,49.31,1928.4,126.22401022996516
25.6,90.27455656228963,49.47,1890.0,274.8659545985048
25.6,90.83302090582175,49.65,1938.3,32.854215660509574
25.8,91.40762636714935,49.39,1987.3,100.65187226691668
25.7,91.97325949113535,49.42,2031.8,191.47757511095517
25.7,90.83703183486142,49.4,1970.4,187.13346720722603
25.7,91.53903948073379,49.35,1884.8,-53.36148233316716
25.6,91.85761802884763,49.33,1890.0,82.94434324220988
25.7,92.03874517077962,49.24,2113.4,187.12592375766627
25.6,92.17975670636243,49.49,1888.2,285.5800589539583
25.6,91.38287875065402,49.35,2107.2,132.5225040446732
26.9,92.17136186151953,49.28,1841.8,57.52484279604465
25.6,92.41547729080754,49.38,1897.6,12.646761680961447
25.7,91.36251975918616,49.63,1886.4,238.6163700260014
25.7,93.13107469256619,49.55,1919.9,134.32759580161877
25.6,92.52300991371092,49.34,1885.3,24.10277215468406
25.6,91.77136174107903,49.33,1885.9,69.37551783779911
25.6,91.217014253849,49.45,1969.3,105.4191751369985
25.7,91.65043364844483,49.3,1885.1,121.86579188730907
25.6,91.64215694933941,49.49,1936.3,20.905246169664395
25.8,92.43764288200869,49.37,1888.9,40.95256509940476
25.7,92.75237585299617,49.37,1933.1,-31.702284153146337
26.0,92.33362064662067,49.48,1883.1,156.83515020335145
25.7,92.21257978464851,49.44,1925.9,60.17985376744208
25.6,91.4252831969974,49.56,2093.2,116.77081491799004
25.7,92.47399323807177,49.51,1883.3,183.71627515422853
25.7,92.37748486877658,49.32,1932.2,99.57448758697899
25.6,91.97329230867692,49.38,1896.5,76.2972326612476
25.6,92.49236263252598,49.51,1883.1,97.7980194629054
25.6,92.74230849988079,49.42,1886.2,88.66266593839138
25.7,92.17815095438618,49.52,1932.1,171.48392147000033
25.8,91.59251457269636,49.4,2119.0,106.02232870347783
25.7,92.14586161853825,49.43,1886.0,46.16514837387428
25.6,92.2688282674651,49.42,2067.1,157.63079576502093
25.8,92.56921203618295,49.41,1886.4,170.42218746041232
25.7,91.77821641026907,49.37,1883.5,-9.388978739403925
25.6,92.63533372988144,49.47,1883.1,191.59403730109162
25.6,92.28322519716102,49.5,1883.2,109.83323968681958
25.6,92.30157339472949,49.33,1887.1,104.13592473815365
25.6,91.86988029500209,49.46,1888.2,154.77382320546403
25.9,91.7730131428508,49.79,2211.3,44.624361774352266
25.7,92.14616028588941,49.5,1932.5,151.1064437663187
25.7,92.48567791281934,49.7,1896.2,57.942530725361024
25.6,93.38814314609671,49.43,1895.8,-18.928131013764414
25.7,93.09798847330876,49.48,1926.4,14.476839543579985
25.6,92.03817448209968,49.45,1932.9,124.01246552213144
25.8,91.55242631273885,49.7,1888.0,18.139137836443666
25.6,93.26447197999404,49.56,1946.9,197.02808701393474
25.6,92.16103125815434,49.66,1884.5,167.57331137283538
25.7,92.40213729696086,49.5,1932.2,177.66481580955886
25.7,93.08548555453096,49.48,1929.1,93.05908863658246
25.6,93.22339955548755,49.61,1899.0,102.37533806093623
25.6,92.65131163124029,49.59,1883.2,0.9076913256462831
25.7,92.90977967605819,49.8,1946.5,154.15136366535816
25.7,93.30062223286477,50.07,1926.4,111.15913211377975
25.6,93.5315105559776,50.25,1887.9,124.24569049246442
25.6,92.04154786287346,49.97,1912.9,202.685104015407
25.6,93.03793976762198,50.0,1886.7,42.05950175532377
25.6,93.1778880000452,49.99,2110.6,75.62459054548978
25.6,93.43104710474327,50.01,1883.2,107.30241368931848
27.0,92.3760948420034,50.06,1888.3,18.938778422052252
25.6,90.8572201299838,50.16,1887.5,71.27357579415867
25.6,92.7884755363658,50.12,1888.4,118.90028102369467
25.7,92.15716505354543,50.11,1926.1,61.60436115125763
25.6,91.97533187545268,50.25,1883.1,176.0046563062903
25.7,91.64504136039915,50.18,1889.7,-21.396506345725015
25.7,92.31090520186544,50.27,1930.7,162.95609285057878
25.7,92.84950249427416,50.27,1888.0,130.63989836622846
25.7,92.84081451134979,50.28,1910.3,44.53450173078056
25.8,93.1544028213606,50.12,1896.7,19.64015265468076
25.7,92.05258490169956,50.04,1883.3,-61.2742186408081
25.6,93.01998659631126,49.95,2074.0,28.680604012270607
25.5,92.70887715275389,50.03,1889.5,157.64291749926292
25.8,92.40311712264185,50.24,1883.1,80.41259306218797
25.6,91.87452540996757,50.02,1888.5,165.74559144386978
25.7,92.983531455565,49.97,2127.8,40.9445404002561
25.6,93.32073512226535,50.03,1886.5,133.83174424983793
25.6,92.39647175698205,50.33,2197.4,34.108388940112235
25.6,93.50331155901345,49.97,1887.1,16.742171988429746
25.6,93.22590582289557,50.09,1886.0,76.83277885770336
25.8,92.11622978691673,50.0,1931.9,37.78340065830333
25.7,91.2867134525329,50.31,1927.2,-23.667027449507245
25.7,91.37853851792822,50.16,1843.2,71.56804048544345
25.7,92.0064480966782,50.09,2073.9,91.78016325547824
25.7,92.75312360914162,50.01,1929.1,173.11445929421953
25.5,92.35942447206259,49.93,1935.7,149.90547541538479
25.7,93.28346471266171,50.18,1926.4,169.7248652599582
25.6,92.84161557403661,49.99,1933.0,134.75366500415657
25.6,92.64414228065318,50.06,1886.2,107.61136222561757
25.9,92.44210640348913,50.3,2136.3,-1.697819718781048
27.6,92.94938517518567,50.58,1889.5,94.81925402958292
26.5,91.61507229357588,50.57,1906.5,125.96153456115366
25.9,92.0849318144828,50.6,1882.9,186.08573108172772
25.8,92.76528506889534,50.44,1890.0,132.14463635315454
25.7,92.42661784408133,50.57,1883.1,170.96473808951797
25.6,93.69712535625337,50.5,1898.8,11.926485621500944
25.6,91.96815472863182,50.42,1886.8,61.34127848414086
25.6,93.2456122926061,50.5,1894.3,114.26561042362033
25.7,93.4430160341553,50.67,1843.1,165.49521474921096
25.6,92.99927750590754,50.37,1886.0,74.07736722892254
25.6,92.61603594074816,50.48,1888.6,78.48477443155913
25.5,92.46089933846845,50.46,1886.2,132.3665392564084
25.8,92.34727909845705,50.46,2298.9,5.464877260611203
