timestamp,cpu_usage,cpu_temp,gpu_temp,power,cpu_freq,fan1,load
1778002180.5024776,30.4,66.0,66.0,0.008199999999999999,2500.193375,56.924528301886795,MED
1778002195.9785714,31.0,65.0,64.0,0.008199999999999999,2400.061125,56.990566037735846,MED
1778002202.463103,33.0,65.0,65.0,0.008199999999999999,2400.00625,57.01257861635221,MED
1778002208.9053783,39.8,64.33333333333333,64.0,0.008199999999999999,2400.0185,57.056603773584904,MED
1778002215.3370094,36.6,65.0,66.0,0.008199999999999999,2400.031375,57.056603773584904,MED
1778002221.7503476,34.9,65.33333333333333,66.0,0.008199999999999999,2600.12075,57.056603773584904,MED
1778002228.2109458,37.2,66.0,66.0,0.008199999999999999,2400.01025,57.056603773584904,MED
1778002234.8242543,36.7,66.66666666666667,68.0,0.008199999999999999,2600.0591249999998,57.01257861635221,MED
1778002241.277438,40.6,66.33333333333333,65.0,0.008199999999999999,800.0076250000001,56.98742138364779,MED
1778002247.7313833,36.7,65.66666666666667,64.0,0.008199999999999999,2400.021875,56.98742138364779,MED
1778002254.1412175,45.2,64.0,63.0,0.008199999999999999,2500.101625,56.98742138364779,MED
1778002260.6287649,31.8,64.0,65.0,0.008199999999999999,2400.0915,57.0314465408805,MED
1778002267.0923033,33.3,64.0,64.0,0.008199999999999999,800.008,57.0062893081761,MED
1778002273.5814643,44.6,63.666666666666664,62.0,0.008199999999999999,1700.0668750000002,57.0503144654088,MED
1778002280.3505106,39.1,63.333333333333336,64.0,0.008199999999999999,2000.013125,57.0314465408805,MED
1778002286.8157918,34.3,63.333333333333336,64.0,0.008199999999999999,2400.7785000000003,57.056603773584904,MED
1778002293.253492,31.9,64.33333333333333,65.0,0.008199999999999999,2400.0177500000004,57.056603773584904,MED
1778002299.7561986,34.1,65.0,66.0,0.008199999999999999,2400.0965,57.0314465408805,MED
1778002306.198445,24.3,64.0,61.0,0.008199999999999999,2400.1425000000004,57.0314465408805,LOW
1778002312.918171,16.0,62.0,59.0,0.008199999999999999,800.0778750000001,57.0314465408805,LOW
1778002319.47516,16.4,58.666666666666664,56.0,0.008199999999999999,800.071125,57.0440251572327,LOW
1778002326.029894,15.5,56.666666666666664,55.0,0.008199999999999999,900.1491249999999,57.075471698113205,LOW
1778002332.522867,16.9,55.0,54.0,0.008199999999999999,1000.02675,57.075471698113205,LOW
1778002339.5210807,19.1,54.333333333333336,54.0,0.008199999999999999,800.1585000000001,57.0440251572327,LOW
1778002346.1013775,16.5,53.666666666666664,53.0,0.008199999999999999,800.082875,57.01257861635221,LOW
1778002352.6557431,16.7,53.0,52.0,0.008199999999999999,800.029875,57.0440251572327,LOW
1778002359.207651,16.3,52.0,51.0,0.008199999999999999,800.0074999999999,57.08805031446541,LOW
1778002370.8224843,25.3,51.333333333333336,51.0,0.008199999999999999,1037.3898749999998,57.0440251572327,LOW
1778002377.362016,16.9,51.0,51.0,0.008199999999999999,799.9725000000001,56.9685534591195,LOW
1778002383.8824522,23.7,51.0,51.0,0.008199999999999999,800.1117500000001,56.943396226415096,LOW
1778002390.3705142,38.9,54.333333333333336,61.0,0.008199999999999999,2799.9959999999996,56.943396226415096,MED
1778002396.887139,15.5,54.666666666666664,52.0,0.008199999999999999,2400.1632500000005,56.943396226415096,LOW
1778002403.6488152,12.5,54.666666666666664,51.0,0.008199999999999999,800.0517500000001,56.924528301886795,LOW
1778002410.2006304,18.1,51.666666666666664,52.0,0.008199999999999999,2900.02825,56.924528301886795,LOW
1778002416.6596916,24.8,52.0,53.0,0.008199999999999999,2900.1177500000003,56.924528301886795,LOW
1778002423.0477405,20.5,52.333333333333336,52.0,0.008199999999999999,2799.991875,56.924528301886795,LOW
1778002429.8535304,23.8,53.666666666666664,56.0,0.008199999999999999,1000.2139999999999,56.924528301886795,LOW
1778002436.340187,40.6,53.666666666666664,53.0,0.008199999999999999,1600.0213749999998,56.924528301886795,MED
1778002442.8035755,33.6,53.666666666666664,52.0,0.008199999999999999,800.194375,56.924528301886795,MED
1778002449.4508035,19.0,52.0,51.0,0.008199999999999999,2813.84625,56.91194968553459,LOW
1778002455.9789307,18.0,51.333333333333336,51.0,0.008199999999999999,800.0116249999999,56.886792452830186,LOW
1778002462.4312332,26.8,50.666666666666664,50.0,0.008199999999999999,800.000875,56.90566037735849,LOW
1778002469.2918184,15.6,50.666666666666664,51.0,0.008199999999999999,800.1821249999999,56.89308176100629,LOW
1778002475.7692153,12.2,50.0,49.0,0.008199999999999999,800.057,56.90566037735849,LOW
1778002482.399544,22.2,50.0,50.0,0.008199999999999999,793.988875,56.861635220125784,LOW
1778002488.9626162,21.7,50.0,51.0,0.008199999999999999,799.9846249999999,56.861635220125784,LOW
1778002495.5073957,19.1,50.333333333333336,50.0,0.008199999999999999,800.072875,56.84905660377358,LOW
1778002502.1578143,16.6,50.666666666666664,51.0,0.008199999999999999,800.023125,56.84905660377358,LOW
1778002508.7169077,16.3,50.0,49.0,0.008199999999999999,800.0332500000001,56.84905660377358,LOW
1778002515.181155,24.7,50.333333333333336,51.0,0.008199999999999999,800.006625,56.84905660377358,LOW
1778002522.355098,28.1,49.333333333333336,48.0,0.008199999999999999,800.0175,56.817610062893074,LOW
1778002528.9189188,23.8,49.0,48.0,0.008199999999999999,800.1455,56.817610062893074,LOW
1778002535.5075283,21.8,48.0,48.0,0.008199999999999999,800.03175,56.817610062893074,LOW
1778002542.0378776,17.2,47.666666666666664,47.0,0.008199999999999999,800.154,56.817610062893074,LOW
1778002548.5868165,16.5,47.333333333333336,47.0,0.008199999999999999,797.065125,56.817610062893074,LOW
1778002560.4276729,17.2,47.0,47.0,0.008199999999999999,800.135,56.817610062893074,LOW
1778002566.8728364,18.1,47.0,47.0,0.008199999999999999,782.5086249999999,56.817610062893074,LOW
1778002573.7423475,23.2,47.0,47.0,0.008199999999999999,800.143125,56.817610062893074,LOW
1778002580.400227,19.9,47.0,47.0,0.008199999999999999,800.065125,56.78616352201258,LOW
1778002587.0249841,17.0,47.333333333333336,48.0,0.008199999999999999,1000.097875,56.77358490566038,LOW
1778002593.5270193,19.7,47.333333333333336,47.0,0.008199999999999999,800.08125,56.74213836477988,LOW
1778002600.1131392,20.6,47.333333333333336,47.0,0.008199999999999999,800.0608749999999,56.77358490566038,LOW
1778002606.8603997,17.5,47.0,47.0,0.008199999999999999,800.1065,56.78616352201258,LOW
1778002613.4031348,20.0,47.0,47.0,0.008199999999999999,800.009625,56.817610062893074,LOW
1778002620.186979,18.1,47.0,47.0,0.008199999999999999,800.0283750000001,55.36477987421384,LOW
1778002626.7611792,16.2,47.333333333333336,48.0,0.008199999999999999,800.0015000000001,53.83647798742138,LOW
1778002633.2695673,25.8,47.333333333333336,47.0,0.008199999999999999,2900.51875,52.28930817610063,LOW
1778002640.0956125,15.6,47.333333333333336,47.0,0.008199999999999999,800.0327500000001,52.20754716981131,LOW
1778002646.5750299,15.1,47.0,47.0,0.008199999999999999,800.2051250000001,52.19496855345912,LOW
1778002653.2065246,16.0,46.666666666666664,46.0,0.008199999999999999,800.0245000000001,52.20754716981131,LOW
1778002664.9775677,16.6,47.0,48.0,0.008199999999999999,800.0147499999999,52.19496855345912,LOW
1778002671.7756476,14.9,47.666666666666664,49.0,0.008199999999999999,800.1132500000001,52.19496855345912,LOW
1778002678.3349485,20.6,48.0,47.0,0.008199999999999999,800.045375,52.15723270440251,LOW
1778002685.5093534,17.2,47.666666666666664,47.0,0.008199999999999999,800.11075,52.16981132075472,LOW
1778002692.4225793,18.6,47.0,47.0,0.008199999999999999,800.0137500000001,52.16981132075472,LOW
1778002699.0998936,19.4,48.0,50.0,0.008199999999999999,800.131375,52.16981132075472,LOW
1778002705.6373327,18.9,48.0,47.0,0.008199999999999999,800.0865,52.10691823899371,LOW
1778002712.5465744,20.3,48.0,47.0,0.008199999999999999,800.0225,52.10691823899371,LOW
1778002719.146883,22.6,47.0,47.0,0.008199999999999999,2717.92175,52.28930817610063,LOW
1778002725.6729705,18.9,47.0,47.0,0.008199999999999999,799.9611249999999,52.52201257861635,LOW
1778002732.2633634,18.2,47.0,47.0,0.008199999999999999,799.9368750000001,52.74213836477987,LOW
1778002738.8129358,19.0,46.666666666666664,46.0,0.008199999999999999,800.0556250000001,52.77987421383648,LOW
1778002750.3856487,29.5,46.666666666666664,47.0,0.008199999999999999,800.161625,52.817610062893074,LOW
1778002757.039909,20.7,46.666666666666664,47.0,0.008199999999999999,800.02375,52.817610062893074,LOW
1778002763.5761223,19.6,47.0,47.0,0.008199999999999999,800.092125,52.817610062893074,LOW
1778002770.0859528,22.8,47.0,47.0,0.008199999999999999,800.08225,52.817610062893074,LOW
1778002776.909147,18.8,46.666666666666664,46.0,0.008199999999999999,800.089375,52.817610062893074,LOW
1778002783.4359252,21.4,46.333333333333336,46.0,0.008199999999999999,800.003625,52.80503144654088,LOW
1778002790.012564,18.1,46.0,46.0,0.008199999999999999,800.0081250000002,52.79245283018869,LOW
1778002796.5694036,20.6,45.666666666666664,45.0,0.008199999999999999,800.0735000000001,52.80503144654088,LOW
1778002803.117884,19.2,45.666666666666664,46.0,0.008199999999999999,800.1869999999999,52.80503144654088,LOW
1778002810.2906454,19.0,45.666666666666664,46.0,0.008199999999999999,800.051125,52.79245283018869,LOW
1778002816.8156762,30.3,46.0,46.0,0.008199999999999999,800.03225,52.77987421383648,MED
1778002823.3584824,18.8,46.0,46.0,0.008199999999999999,800.0251249999999,52.80503144654088,LOW
1778002829.8904064,19.7,46.0,46.0,0.008199999999999999,800.0113749999998,52.79245283018869,LOW
1778002836.4010403,21.6,46.0,46.0,0.008199999999999999,800.2260000000001,52.77987421383648,LOW
1778002843.0088553,22.4,45.666666666666664,45.0,0.008199999999999999,800.0395,52.76729559748427,LOW
1778002849.6134713,19.5,45.333333333333336,45.0,0.008199999999999999,800.010875,52.77987421383648,LOW
1778002856.371199,16.1,45.0,45.0,0.008199999999999999,900.2033749999999,52.77987421383648,LOW
1778002862.8687713,19.5,45.0,45.0,0.008199999999999999,799.927,52.76729559748427,LOW
1778002869.3249176,19.4,45.0,45.0,0.008199999999999999,800.163,52.75471698113208,LOW
1778002875.9309876,19.4,45.0,45.0,0.008199999999999999,800.0151249999999,52.75471698113208,LOW
1778002882.4614165,16.2,45.0,45.0,0.008199999999999999,800.06575,52.75471698113208,LOW
1778002894.0595896,25.2,45.0,45.0,0.008199999999999999,800.1668749999999,52.75471698113208,LOW
1778002900.8658228,16.9,45.0,45.0,0.008199999999999999,799.9945,52.729559748427675,LOW
1778002907.6227202,16.2,45.666666666666664,47.0,0.008199999999999999,1999.968875,52.691823899371066,LOW
1778002914.1721697,20.0,45.666666666666664,45.0,0.008199999999999999,800.183,52.666666666666664,LOW
1778002920.9786751,18.1,46.0,46.0,0.008199999999999999,800.0191250000001,52.666666666666664,LOW
1778002927.7992043,19.4,45.666666666666664,46.0,0.008199999999999999,800.01075,52.679245283018865,LOW
1778002934.397767,17.3,46.333333333333336,47.0,0.008199999999999999,900.001375,52.71698113207547,LOW
1778002940.883842,19.7,46.0,45.0,0.008199999999999999,800.03325,52.71698113207547,LOW
1778002947.3391027,18.0,45.666666666666664,45.0,0.008199999999999999,1200.057375,52.71698113207547,LOW
1778002953.8879654,19.9,45.0,45.0,0.008199999999999999,800.0778750000001,52.679245283018865,LOW
1778002960.4239151,18.1,45.666666666666664,47.0,0.008199999999999999,800.1343750000001,52.679245283018865,LOW
1778002967.0688348,16.8,46.0,46.0,0.008199999999999999,799.9945,52.679245283018865,LOW
1778002973.71536,28.6,46.0,45.0,0.008199999999999999,1347.5833750000002,52.679245283018865,LOW
1778002980.118045,24.0,45.666666666666664,46.0,0.008199999999999999,800.1322500000001,52.679245283018865,LOW
1778002986.686949,19.0,45.333333333333336,45.0,0.008199999999999999,2679.04825,52.70440251572327,LOW
1778002993.333103,21.8,45.333333333333336,45.0,0.008199999999999999,2999.294375,52.70440251572327,LOW
1778002999.778842,19.7,45.333333333333336,46.0,0.008199999999999999,800.1145,52.70440251572327,LOW
1778003006.2947605,18.3,45.666666666666664,46.0,0.008199999999999999,1225.1306250000002,52.679245283018865,LOW
1778003013.0199435,18.1,45.666666666666664,45.0,0.008199999999999999,799.218375,52.679245283018865,LOW
1778003019.5061815,17.3,48.333333333333336,54.0,0.008199999999999999,1192.9068750000001,52.679245283018865,LOW
1778003025.9871678,20.4,48.333333333333336,46.0,0.008199999999999999,899.9882499999999,52.679245283018865,LOW
1778003032.4304543,15.3,48.666666666666664,46.0,0.008199999999999999,800.031,52.64150943396226,LOW
1778003039.1371574,16.5,46.0,46.0,0.008199999999999999,800.00075,52.64150943396226,LOW
1778003045.786313,19.3,45.666666666666664,45.0,0.008199999999999999,1200.0064999999997,52.61635220125786,LOW
1778003052.2098958,18.1,45.333333333333336,45.0,0.008199999999999999,800.10125,52.65408805031446,LOW
1778003058.8661625,18.2,45.0,45.0,0.008199999999999999,772.960625,52.67924528301887,LOW
1778003065.4191058,18.6,45.0,45.0,0.008199999999999999,800.0618749999999,52.70440251572327,LOW
1778003072.1954029,20.1,45.0,45.0,0.008199999999999999,800.057625,52.70440251572327,LOW
1778003078.7135262,22.9,45.0,45.0,0.008199999999999999,2900.09275,52.679245283018865,LOW
1778003085.3117416,17.1,45.0,45.0,0.008199999999999999,1200.0700000000002,52.679245283018865,LOW
1778003091.8036373,16.7,45.333333333333336,46.0,0.008199999999999999,2383.859875,52.65408805031446,LOW
1778003098.3471158,13.0,45.333333333333336,45.0,0.008199999999999999,800.011375,52.62893081761006,LOW
1778003109.771013,17.7,45.333333333333336,45.0,0.008199999999999999,800.042125,52.59119496855346,LOW
1778003116.3677287,17.7,45.0,45.0,0.008199999999999999,1200.005375,52.59119496855346,LOW
1778003123.0000234,17.6,45.0,45.0,0.008199999999999999,900.01925,52.59119496855346,LOW
1778003129.508599,18.0,45.0,45.0,0.008199999999999999,799.96925,52.59119496855346,LOW
1778003136.129259,16.6,45.333333333333336,46.0,0.008199999999999999,1000.075375,52.59119496855346,LOW
1778003142.700162,16.2,46.666666666666664,49.0,0.008199999999999999,2713.04675,52.57861635220126,LOW
1778003149.634808,16.8,47.0,46.0,0.008199999999999999,1770.5258749999998,52.57861635220126,LOW
1778003156.1828473,17.6,47.666666666666664,48.0,0.008199999999999999,1140.449125,52.57861635220126,LOW
1778003162.8899646,16.3,46.666666666666664,46.0,0.008199999999999999,1200.108625,52.55345911949686,LOW
1778003169.4733517,15.1,46.666666666666664,46.0,0.008199999999999999,2899.9647499999996,52.55345911949686,LOW
1778003175.9744565,17.5,46.0,46.0,0.008199999999999999,900.0107499999999,52.54088050314465,LOW
1778003182.7209384,17.1,45.666666666666664,45.0,0.008199999999999999,1600.119875,52.57861635220126,LOW
1778003189.4825034,17.1,45.333333333333336,45.0,0.008199999999999999,900.0947500000001,52.57861635220126,LOW
1778003196.037681,17.0,45.666666666666664,47.0,0.008199999999999999,1138.769,52.57861635220126,LOW
1778003202.5247102,17.5,46.0,46.0,0.008199999999999999,900.105,52.60377358490566,LOW
1778003209.155046,15.8,46.333333333333336,46.0,0.008199999999999999,1200.312875,52.61635220125786,LOW
1778003215.7934341,20.7,46.333333333333336,47.0,0.008199999999999999,930.93625,52.61635220125786,LOW
1778003222.3227797,22.2,47.666666666666664,50.0,0.008199999999999999,1000.126,52.59119496855346,LOW
1778003228.9268334,19.6,49.0,50.0,0.008199999999999999,2560.2486249999997,52.57861635220126,LOW
1778003235.4269643,16.9,49.0,47.0,0.008199999999999999,900.1745,52.57861635220126,LOW
1778003242.2754235,16.0,48.0,47.0,0.008199999999999999,1662.2056249999996,52.55345911949686,LOW
1778003248.9086297,14.9,46.666666666666664,46.0,0.008199999999999999,2624.81775,52.57861635220126,LOW
1778003255.3309462,18.3,46.333333333333336,46.0,0.008199999999999999,1300.026875,52.61635220125786,LOW
1778003261.8772447,18.4,45.666666666666664,45.0,0.008199999999999999,800.1065,52.666666666666664,LOW
1778003268.4387069,16.9,45.666666666666664,46.0,0.008199999999999999,800.0305,52.679245283018865,LOW
1778003275.0280566,14.6,45.333333333333336,45.0,0.008199999999999999,1199.967125,52.65408805031446,LOW
1778003281.7833567,18.8,45.333333333333336,45.0,0.008199999999999999,800.0345000000001,52.65408805031446,LOW
1778003288.4019184,16.5,45.0,45.0,0.008199999999999999,900.128,52.65408805031446,LOW
1778003294.9514174,16.1,45.666666666666664,47.0,0.008199999999999999,799.9978749999999,52.64150943396226,LOW
1778003301.5120811,16.7,45.666666666666664,45.0,0.008199999999999999,1600.0402499999998,52.64150943396226,LOW
1778003313.0106468,17.6,45.666666666666664,45.0,0.008199999999999999,999.961,52.64150943396226,LOW
1778003324.6990528,16.4,45.0,45.0,0.008199999999999999,1300.019875,52.65408805031446,LOW
1778003331.5812566,16.5,45.0,45.0,0.008199999999999999,800.031875,52.62893081761006,LOW
1778003338.0015903,16.9,47.0,51.0,0.008199999999999999,799.97575,52.60377358490566,LOW
1778003344.895008,27.0,47.666666666666664,47.0,0.008199999999999999,899.9527499999999,52.60377358490566,LOW
1778003351.359114,18.3,49.666666666666664,51.0,0.008199999999999999,2805.598875,52.56603773584906,LOW
1778003357.9617267,16.6,48.666666666666664,48.0,0.008199999999999999,1599.9940000000001,52.55345911949686,LOW
1778003364.994515,23.5,49.666666666666664,50.0,0.008199999999999999,2705.9382499999997,52.54088050314465,LOW
1778003371.7593668,22.3,50.0,52.0,0.008199999999999999,2600.3827499999998,52.56603773584906,LOW
1778003378.23756,25.1,51.333333333333336,52.0,0.008199999999999999,1599.988875,52.56603773584906,LOW
1778003385.0576377,19.1,51.0,49.0,0.008199999999999999,799.91325,52.56603773584906,LOW
1778003391.5747595,37.2,50.0,49.0,0.008199999999999999,1599.9388750000003,52.56603773584906,MED
1778003398.2847114,18.2,48.666666666666664,48.0,0.008199999999999999,799.9979999999999,52.57861635220126,LOW
1778003404.9838016,30.0,47.666666666666664,46.0,0.008199999999999999,800.0573749999999,52.59119496855346,MED
1778003411.601786,24.9,47.0,47.0,0.008199999999999999,1200.006375,52.56603773584906,LOW
1778003418.3527389,27.2,46.666666666666664,47.0,0.008199999999999999,1200.0113749999998,52.55345911949686,LOW
1778003425.2105138,19.3,46.666666666666664,46.0,0.008199999999999999,799.9804999999999,52.55345911949686,LOW
1778003431.7883058,29.3,46.666666666666664,47.0,0.008199999999999999,800.0174999999999,52.56603773584906,LOW
1778003438.4290707,19.8,46.0,45.0,0.008199999999999999,2000.0355,52.57861635220126,LOW
1778003445.0283287,22.3,46.0,46.0,0.008199999999999999,1950.0288749999997,52.57861635220126,LOW
1778003451.5645156,17.9,45.333333333333336,45.0,0.008199999999999999,800.031375,52.59119496855346,LOW
1778003458.119683,21.7,45.333333333333336,45.0,0.008199999999999999,799.9791250000001,52.59119496855346,LOW
1778003464.8451765,20.8,45.0,45.0,0.008199999999999999,800.0193750000001,52.57861635220126,LOW
1778003471.7042615,19.9,45.0,45.0,0.008199999999999999,800.0278750000001,52.61635220125786,LOW
1778003478.3633232,18.2,45.0,45.0,0.008199999999999999,800.0520000000001,52.64150943396226,LOW
1778003489.9625728,19.1,44.666666666666664,44.0,0.008199999999999999,800.045625,52.65408805031446,LOW
1778003496.5899317,24.0,44.666666666666664,45.0,0.008199999999999999,800.001,52.62893081761006,LOW
1778003503.0807707,18.3,44.666666666666664,45.0,0.008199999999999999,799.442125,52.59119496855346,LOW
1778003509.5931518,24.8,45.0,45.0,0.008199999999999999,800.04625,52.57861635220126,LOW
1778003516.1866345,19.3,45.0,45.0,0.008199999999999999,800.0052499999999,52.56603773584906,LOW
1778003522.7841232,20.1,45.0,45.0,0.008199999999999999,799.9761250000001,52.57861635220126,LOW
1778003529.4597123,19.4,45.0,45.0,0.008199999999999999,800.0405,52.55345911949686,LOW
1778003536.0136628,18.1,45.0,45.0,0.008199999999999999,800.0246250000001,52.55345911949686,LOW
1778003542.6695836,17.7,45.0,45.0,0.008199999999999999,800.177625,52.54088050314465,LOW
1778003549.2221985,20.4,44.666666666666664,44.0,0.008199999999999999,1600.039,52.57861635220126,LOW
1778003555.7285924,18.3,44.666666666666664,45.0,0.008199999999999999,899.8647500000001,52.57861635220126,LOW
1778003562.2807393,18.1,44.333333333333336,44.0,0.008199999999999999,800.0433750000001,52.59119496855346,LOW
1778003568.8844728,17.2,44.333333333333336,44.0,0.008199999999999999,799.987625,52.57861635220126,LOW
1778003575.4335997,18.7,44.0,44.0,0.008199999999999999,800.024625,52.56603773584906,LOW
1778003582.5095747,19.0,44.0,44.0,0.008199999999999999,800.0179999999999,52.55345911949686,LOW
1778003589.1036065,19.7,44.0,44.0,0.008199999999999999,799.9934999999999,52.55345911949686,LOW
1778003595.66022,19.7,44.333333333333336,45.0,0.008199999999999999,799.998375,52.57861635220126,LOW
1778003602.372441,29.9,44.333333333333336,44.0,0.008199999999999999,800.14425,52.57861635220126,LOW
1778003608.9798434,20.1,44.333333333333336,44.0,0.008199999999999999,799.98425,52.57861635220126,LOW
1778003615.6807013,22.6,44.0,44.0,0.008199999999999999,799.945375,52.57861635220126,LOW
1778003622.3041232,20.6,44.0,44.0,0.008199999999999999,800.1666250000001,52.57861635220126,LOW
1778003628.9938211,19.0,44.0,44.0,0.008199999999999999,800.0366250000001,52.56603773584906,LOW
1778003640.4445984,30.5,44.0,44.0,0.008199999999999999,799.9941249999999,52.55345911949686,MED
1778003647.049731,16.9,44.333333333333336,45.0,0.008199999999999999,799.99775,52.56603773584906,LOW
1778003653.7762299,22.1,44.333333333333336,44.0,0.008199999999999999,800.0687499999999,52.55345911949686,LOW
1778003660.279674,18.6,44.333333333333336,44.0,0.008199999999999999,800.0292499999999,52.528301886792455,LOW
1778003666.984264,25.5,44.333333333333336,45.0,0.008199999999999999,800.0500000000001,52.528301886792455,LOW
1778003673.4460156,23.1,44.333333333333336,44.0,0.008199999999999999,799.966375,52.56603773584906,LOW
1778003680.0631692,21.4,44.333333333333336,44.0,0.008199999999999999,799.994625,52.59119496855346,LOW
1778003686.7806432,21.7,44.0,44.0,0.008199999999999999,800.0188750000001,52.57861635220126,LOW
1778003693.3849392,23.0,44.0,44.0,0.008199999999999999,1528.447625,52.57861635220126,LOW
1778003699.9606516,22.9,43.666666666666664,43.0,0.008199999999999999,800.096875,52.55345911949686,LOW
1778003706.615191,18.7,43.666666666666664,44.0,0.008199999999999999,799.994625,52.528301886792455,LOW
1778003713.2505128,21.8,43.666666666666664,44.0,0.008199999999999999,799.9125,52.490566037735846,LOW
1778003719.9317224,22.7,44.0,44.0,0.008199999999999999,800.01325,52.51572327044025,LOW
1778003726.4821227,19.8,43.666666666666664,43.0,0.008199999999999999,800.16775,52.490566037735846,LOW
1778003733.0675952,18.0,43.666666666666664,44.0,0.008199999999999999,800.133625,52.490566037735846,LOW
1778003739.5652144,17.6,44.0,45.0,0.008199999999999999,899.988125,52.465408805031444,LOW
1778003746.1394994,23.2,44.333333333333336,44.0,0.008199999999999999,800.0385,52.503144654088054,LOW
1778003752.7850325,24.0,44.333333333333336,44.0,0.008199999999999999,799.9413749999999,52.503144654088054,LOW
1778003759.3110862,19.1,44.0,44.0,0.008199999999999999,800.020625,52.503144654088054,LOW
1778003765.8477986,18.9,44.333333333333336,45.0,0.008199999999999999,800.0796250000001,52.490566037735846,LOW
1778003772.4537013,20.7,44.333333333333336,44.0,0.008199999999999999,800.02025,52.490566037735846,LOW
1778003779.1508744,18.3,44.333333333333336,44.0,0.008199999999999999,800.1705000000002,52.51572327044025,LOW
1778003785.7205224,19.0,44.333333333333336,45.0,0.008199999999999999,800.084375,52.528301886792455,LOW
1778003792.6095169,21.5,44.333333333333336,44.0,0.008199999999999999,800.012375,52.56603773584906,LOW
1778003799.3038003,18.4,44.333333333333336,44.0,0.008199999999999999,1200.0322499999997,52.57861635220126,LOW
1778003806.5357099,18.6,44.0,44.0,0.008199999999999999,2600.307375,52.57861635220126,LOW
1778003813.2261531,20.0,44.333333333333336,45.0,0.008199999999999999,800.016125,52.56603773584906,LOW
1778003819.9213607,14.9,44.333333333333336,44.0,0.008199999999999999,800.0007500000002,52.490566037735846,LOW
1778003826.5126925,27.6,44.333333333333336,44.0,0.008199999999999999,1599.954,52.44025157232704,LOW
1778003833.2129438,18.2,45.0,47.0,0.008199999999999999,800.040875,52.41509433962264,LOW
1778003839.9220376,21.6,45.0,44.0,0.008199999999999999,800.07325,52.427672955974835,LOW
1778003846.711231,21.0,46.0,47.0,0.008199999999999999,799.896875,52.465408805031444,LOW
1778003853.3370836,23.4,45.0,44.0,0.008199999999999999,800.00775,52.465408805031444,LOW
1778003860.2047997,24.3,45.333333333333336,45.0,0.008199999999999999,800.0263749999999,52.528301886792455,LOW
1778003866.897703,27.1,44.333333333333336,44.0,0.008199999999999999,800.27575,52.56603773584906,LOW
1778003873.8995316,22.7,44.666666666666664,45.0,0.008199999999999999,800.190375,52.56603773584906,LOW
1778003880.6359491,16.8,44.333333333333336,44.0,0.008199999999999999,900.105625,52.51572327044025,LOW
1778003887.4436626,21.1,44.333333333333336,44.0,0.008199999999999999,800.20575,52.47798742138364,LOW
1778003894.3906953,17.9,45.0,47.0,0.008199999999999999,800.036,52.44025157232704,LOW
1778003901.199495,23.3,45.0,44.0,0.008199999999999999,1200.1595000000002,52.45283018867925,LOW
1778003907.8984158,21.7,45.0,44.0,0.008199999999999999,1200.0330000000001,52.45283018867925,LOW
1778003914.5257664,18.6,44.0,44.0,0.008199999999999999,800.170875,52.490566037735846,LOW
1778003921.1616452,18.6,44.0,44.0,0.008199999999999999,987.2005000000001,52.503144654088054,LOW
1778003927.8283129,24.0,44.0,44.0,0.008199999999999999,1200.02325,52.47798742138365,LOW
1778003934.542581,22.0,46.0,50.0,0.008199999999999999,800.0479999999999,52.45283018867925,LOW
1778003941.2553947,20.9,46.0,44.0,0.008199999999999999,1600.027625,52.465408805031444,LOW
1778003947.9009113,20.5,46.0,44.0,0.008199999999999999,799.9841250000001,52.490566037735846,LOW
1778003954.763593,25.1,44.333333333333336,45.0,0.008199999999999999,841.6295,52.51572327044025,LOW
1778003966.3253722,18.3,44.666666666666664,45.0,0.008199999999999999,2000.376875,52.490566037735846,LOW
1778003972.8918586,32.7,45.0,45.0,0.008199999999999999,800.001,52.490566037735846,MED
1778003979.3738062,16.3,45.0,45.0,0.008199999999999999,800.1415000000001,52.490566037735846,LOW
1778003985.9945488,22.3,45.0,45.0,0.008199999999999999,799.96975,52.490566037735846,LOW
1778003992.4932601,22.3,45.0,45.0,0.008199999999999999,2628.152,52.51572327044025,LOW
1778003999.0487335,18.1,45.666666666666664,47.0,0.008199999999999999,800.0818750000001,52.54088050314465,LOW
1778004005.6684463,19.9,45.333333333333336,44.0,0.008199999999999999,800.1513750000001,52.54088050314465,LOW
1778004012.205936,20.2,45.0,44.0,0.008199999999999999,800.02025,52.51572327044025,LOW
1778004018.647174,33.4,44.0,44.0,0.008199999999999999,800.0028750000001,52.490566037735846,MED
1778004025.2671623,12.2,44.0,44.0,0.008199999999999999,799.946875,52.465408805031444,LOW
1778004031.7464974,7.5,44.0,44.0,0.008199999999999999,700.02575,52.465408805031444,LOW
1778004038.2298412,26.2,44.0,44.0,0.008199999999999999,800.0845,52.427672955974835,LOW
1778004045.0285356,16.9,44.0,44.0,0.008199999999999999,798.9347499999999,52.427672955974835,LOW
1778004051.5554907,18.7,44.0,44.0,0.008199999999999999,799.983,52.427672955974835,LOW
1778004058.0695958,17.6,43.666666666666664,43.0,0.008199999999999999,799.967375,52.490566037735846,LOW
1778004064.600172,15.6,44.0,45.0,0.008199999999999999,799.9636250000001,52.528301886792455,LOW
1778004071.138256,16.8,44.0,44.0,0.008199999999999999,799.996875,52.528301886792455,LOW
1778004077.7549138,17.1,44.0,43.0,0.008199999999999999,799.9795,52.47798742138365,LOW
1778004084.2922008,18.3,43.333333333333336,43.0,0.008199999999999999,800.136625,52.465408805031444,LOW
1778004090.827445,18.3,43.0,43.0,0.008199999999999999,800.207625,52.465408805031444,LOW
1778004097.45625,18.9,43.0,43.0,0.008199999999999999,799.92125,52.490566037735846,LOW
1778004104.5860727,18.0,43.0,43.0,0.008199999999999999,800.0225,52.490566037735846,LOW
1778004111.1186242,16.6,43.0,43.0,0.008199999999999999,800.05225,52.490566037735846,LOW
1778004117.7254558,23.6,43.333333333333336,44.0,0.008199999999999999,799.9943749999999,52.490566037735846,LOW
1778004124.3855834,17.5,43.333333333333336,43.0,0.008199999999999999,800.001125,52.490566037735846,LOW
1778004130.8862422,25.1,43.333333333333336,43.0,0.008199999999999999,800.031375,52.45283018867925,LOW
1778004137.5910442,16.1,43.0,43.0,0.008199999999999999,800.165,52.427672955974835,LOW
1778004144.1010337,19.4,43.0,43.0,0.008199999999999999,800.0396250000001,52.38993710691824,LOW
1778004150.6158211,28.2,43.333333333333336,44.0,0.008199999999999999,800.019625,52.38993710691824,LOW
1778004157.2099118,19.3,43.333333333333336,43.0,0.008199999999999999,799.9522499999999,52.38993710691824,LOW
1778004163.9127548,17.3,43.333333333333336,43.0,0.008199999999999999,800.0330000000001,52.41509433962264,LOW
1778004170.532843,17.2,43.0,43.0,0.008199999999999999,2698.09725,52.45283018867925,LOW
1778004177.0385451,19.0,43.0,43.0,0.008199999999999999,800.0056249999999,52.47798742138364,LOW
1778004183.673706,23.5,43.0,43.0,0.008199999999999999,800.0641250000001,52.490566037735846,LOW
1778004190.4322622,19.3,43.0,43.0,0.008199999999999999,800.1608749999998,52.465408805031444,LOW
1778004196.9858894,18.2,43.333333333333336,44.0,0.008199999999999999,799.9963750000001,52.427672955974835,LOW
1778004203.4803102,18.9,43.333333333333336,43.0,0.008199999999999999,800.11525,52.427672955974835,LOW
1778004210.194949,18.3,43.333333333333336,43.0,0.008199999999999999,789.6788750000001,52.427672955974835,LOW
1778004216.893962,17.5,43.0,43.0,0.008199999999999999,800.104,52.44025157232704,LOW
1778004223.608748,21.9,43.0,43.0,0.008199999999999999,800.2012500000001,52.44025157232704,LOW
1778004230.435592,17.4,45.666666666666664,51.0,0.008199999999999999,799.9749999999999,52.465408805031444,LOW
1778004236.9366987,27.9,46.0,44.0,0.008199999999999999,800.02225,52.490566037735846,LOW
1778004243.4740229,19.4,46.0,43.0,0.008199999999999999,800.104625,52.43396226415094,LOW
1778004255.1035173,19.0,43.333333333333336,43.0,0.008199999999999999,799.93025,52.40880503144654,LOW
1778004261.751504,17.8,43.0,43.0,0.008199999999999999,800.0060000000001,52.40880503144654,LOW
1778004268.2921474,30.4,43.0,43.0,0.008199999999999999,2400.0803750000005,52.44025157232704,MED
1778004274.9543982,29.4,43.0,43.0,0.008199999999999999,800.0052499999999,52.44025157232704,LOW
1778004281.6159415,19.0,43.0,43.0,0.008199999999999999,800.1036250000001,52.40251572327045,LOW
1778004288.2223485,24.1,43.0,43.0,0.008199999999999999,800.010625,52.37106918238994,LOW
1778004294.87781,21.5,43.0,43.0,0.008199999999999999,800.190625,52.35849056603774,LOW
1778004301.6027663,19.0,43.0,43.0,0.008199999999999999,800.0021249999999,52.37106918238994,LOW
1778004308.190554,18.4,43.0,43.0,0.008199999999999999,799.983125,52.427672955974835,LOW
1778004314.720388,19.3,43.0,43.0,0.008199999999999999,799.9972500000001,52.44025157232704,LOW
1778004321.328557,20.1,43.0,43.0,0.008199999999999999,800.0472500000001,52.465408805031444,LOW
1778004327.814442,19.0,43.0,43.0,0.008199999999999999,800.032125,52.465408805031444,LOW
1778004334.2998233,18.7,43.0,43.0,0.008199999999999999,800.0308749999999,52.47798742138364,LOW
1778004340.7864544,29.5,43.0,43.0,0.008199999999999999,1700.0105,52.45283018867925,LOW
1778004347.4071739,18.3,43.0,43.0,0.008199999999999999,800.0677499999999,52.427672955974835,LOW
1778004353.9989114,18.6,43.0,43.0,0.008199999999999999,800.0559999999999,52.41509433962264,LOW
1778004360.5804899,30.7,42.666666666666664,42.0,0.008199999999999999,1575.3877499999999,52.38993710691824,MED
1778004367.1415856,17.4,42.666666666666664,43.0,0.008199999999999999,800.0187500000001,52.38993710691824,LOW
1778004373.6196556,26.2,42.666666666666664,43.0,0.008199999999999999,1728.5597500000001,52.35849056603774,LOW
1778004380.2216768,20.8,43.0,43.0,0.008199999999999999,800.00625,52.35849056603774,LOW
1778004386.6538973,17.0,43.333333333333336,44.0,0.008199999999999999,900.041375,52.32704402515723,LOW
1778004393.2144618,23.1,43.333333333333336,43.0,0.008199999999999999,1200.066125,52.35849056603774,LOW
1778004399.8860419,19.0,43.333333333333336,43.0,0.008199999999999999,800.016875,52.352201257861644,LOW
1778004406.4877033,18.9,43.0,43.0,0.008199999999999999,800.031,52.37106918238994,LOW
1778004413.1510453,19.2,43.0,43.0,0.008199999999999999,800.037375,52.39622641509434,LOW
1778004419.7271533,19.1,43.0,43.0,0.008199999999999999,800.1695,52.45283018867925,LOW
1778004426.357574,21.4,43.0,43.0,0.008199999999999999,800.01875,52.490566037735846,LOW
1778004432.8571792,19.9,43.0,43.0,0.008199999999999999,800.033125,52.490566037735846,LOW
1778004439.4619687,5.7,43.0,43.0,0.008199999999999999,699.87375,52.45283018867925,LOW
1778004446.0122929,2.5,43.0,43.0,0.008199999999999999,900.1396249999999,52.41509433962264,LOW
1778004452.5706768,16.8,43.0,43.0,0.008199999999999999,800.0175000000002,52.37735849056603,LOW
1778004459.0176654,23.8,43.0,43.0,0.008199999999999999,799.9925000000001,52.38993710691824,LOW
1778004465.573157,20.8,43.0,43.0,0.008199999999999999,2896.511,52.38993710691824,LOW
1778004472.3065577,26.8,43.0,43.0,0.008199999999999999,827.9277500000001,52.38993710691824,LOW
1778004478.8221345,19.5,43.0,43.0,0.008199999999999999,800.0134999999999,52.36477987421384,LOW
1778004485.4645324,17.1,43.333333333333336,44.0,0.008199999999999999,800.148,52.36477987421384,LOW
1778004497.0108066,3.3,43.0,42.0,0.008199999999999999,775.03525,52.37735849056603,LOW
1778004508.5158312,8.7,42.333333333333336,41.0,0.008199999999999999,775.043,52.40251572327045,LOW
1778004515.1346352,2.4,41.333333333333336,41.0,0.008199999999999999,587.5735,52.41509433962264,LOW
1778004521.6441562,6.1,41.0,41.0,0.008199999999999999,775.0343750000001,52.44025157232704,LOW
1778004528.3808417,2.6,41.333333333333336,42.0,0.008199999999999999,775.044625,52.427672955974835,LOW
1778004534.9299777,2.9,41.333333333333336,41.0,0.008199999999999999,462.505125,52.45283018867925,LOW
1778004541.3614573,2.3,41.333333333333336,41.0,0.008199999999999999,775.016875,52.41509433962264,LOW
1778004547.9824944,4.2,41.0,41.0,0.008199999999999999,712.5186249999999,52.45283018867925,LOW
1778004554.558179,2.6,40.666666666666664,40.0,0.008199999999999999,525.00075,52.45283018867925,LOW
1778004561.3432126,2.5,40.666666666666664,41.0,0.008199999999999999,712.512375,52.465408805031444,LOW
1778004567.8773866,4.7,40.666666666666664,41.0,0.008199999999999999,837.6131250000001,52.427672955974835,LOW
1778004574.4069533,3.3,41.0,41.0,0.008199999999999999,775.05225,52.40251572327045,LOW
1778004580.9758308,5.8,41.0,41.0,0.008199999999999999,1899.9050000000002,52.38993710691824,LOW
1778004587.4821138,2.9,41.0,41.0,0.008199999999999999,525.02,52.40251572327045,LOW
1778004593.9975832,2.6,40.666666666666664,40.0,0.008199999999999999,663.8945,52.40251572327045,LOW
1778004600.6375444,2.8,40.666666666666664,41.0,0.008199999999999999,775.0725,52.41509433962264,LOW
1778004607.1892068,2.1,40.333333333333336,40.0,0.008199999999999999,837.5076250000001,52.41509433962264,LOW
1778004613.7447357,2.4,40.666666666666664,41.0,0.008199999999999999,837.553625,52.40251572327045,LOW
1778004620.2134812,2.6,40.666666666666664,41.0,0.008199999999999999,775.026125,52.38993710691824,LOW
1778004626.849999,2.3,41.0,41.0,0.008199999999999999,587.530625,52.38993710691824,LOW
1778004633.4056122,2.8,41.0,41.0,0.008199999999999999,900.027,52.37106918238994,LOW
1778004639.9588668,3.2,41.0,41.0,0.008199999999999999,712.566875,52.37106918238994,LOW
1778004646.5126996,2.5,41.0,41.0,0.008199999999999999,587.531125,52.37106918238994,LOW
1778004653.014768,2.1,40.666666666666664,40.0,0.008199999999999999,462.5025,52.37106918238994,LOW
1778004659.619322,3.3,40.333333333333336,40.0,0.008199999999999999,775.7021250000001,52.38364779874214,LOW
1778004666.192221,2.0,40.0,40.0,0.008199999999999999,775.109,52.38364779874214,LOW
1778004672.7248628,2.3,40.0,40.0,0.008199999999999999,524.99675,52.40251572327045,LOW
1778004684.2480772,2.5,40.333333333333336,41.0,0.008199999999999999,1526.02375,52.40251572327045,LOW
1778004695.9714334,4.5,40.333333333333336,40.0,0.008199999999999999,712.5773750000001,52.37735849056603,LOW
1778004702.525183,2.3,40.0,39.0,0.008199999999999999,837.608375,52.35849056603774,LOW
1778004709.0521662,2.8,39.666666666666664,40.0,0.008199999999999999,833.2090000000001,52.32704402515723,LOW
1778004720.853767,17.7,40.0,41.0,0.008199999999999999,1201.568,34.88050314465409,LOW
1778004727.6459973,4.2,40.333333333333336,40.0,0.008199999999999999,775.03225,17.440251572327046,LOW
1778004734.2697215,2.5,40.666666666666664,41.0,0.008199999999999999,650.023,0.0,LOW
1778004740.823115,2.8,40.666666666666664,41.0,0.008199999999999999,837.5011249999999,0.0,LOW
1778004747.322634,14.0,41.0,41.0,0.008199999999999999,793.446125,0.0,LOW
1778004753.9366596,15.3,41.0,41.0,0.008199999999999999,800.057375,0.0,LOW
1778004760.5861173,23.0,41.333333333333336,42.0,0.008199999999999999,800.131,0.0,LOW
1778004767.1398847,14.0,41.666666666666664,42.0,0.008199999999999999,799.9228750000001,0.0,LOW
1778004773.6662505,15.6,42.333333333333336,43.0,0.008199999999999999,800.004625,0.0,LOW
1778004780.2525194,15.5,42.666666666666664,43.0,0.008199999999999999,800.00225,0.0,LOW
1778004786.7991962,4.9,42.666666666666664,42.0,0.008199999999999999,933.74,0.0,LOW
1778004793.358237,1.0,42.333333333333336,42.0,0.008199999999999999,587.52,0.0,LOW
1778004805.0291553,2.1,42.0,42.0,0.008199999999999999,462.501125,0.0,LOW
1778004811.5829995,1.4,41.666666666666664,41.0,0.008199999999999999,460.885375,0.0,LOW
1778004818.0614498,15.6,42.333333333333336,44.0,0.008199999999999999,1850.2562500000001,0.0,LOW
1778004829.8818176,18.2,42.666666666666664,43.0,0.008199999999999999,800.1305,0.0,LOW
1778004836.5708277,15.6,43.333333333333336,43.0,0.008199999999999999,798.7185,0.0,LOW
1778004843.121627,19.2,43.333333333333336,44.0,0.008199999999999999,800.034375,0.0,LOW
1778004849.6759105,16.8,43.666666666666664,44.0,0.008199999999999999,800.040625,0.0,LOW
1778004861.2504218,19.6,44.333333333333336,45.0,0.008199999999999999,800.0337499999999,0.0,LOW
1778004867.8012598,15.8,44.666666666666664,45.0,0.008199999999999999,800.133875,0.0,LOW
1778004874.3564603,18.4,45.0,45.0,0.008199999999999999,800.07575,0.0,LOW
1778004885.8801186,18.6,45.0,45.0,0.008199999999999999,800.1215,0.0,LOW
1778004892.4821248,17.1,45.0,45.0,0.008199999999999999,800.0321250000001,0.0,LOW
1778004899.0590935,14.6,45.0,45.0,0.008199999999999999,800.04375,20.849056603773587,LOW
1778004905.514477,16.3,45.0,45.0,0.008199999999999999,800.065125,38.43396226415094,LOW
1778004912.071401,19.0,44.666666666666664,44.0,0.008199999999999999,2400.782875,56.01886792452831,LOW
1778004923.7841575,14.9,44.0,43.0,0.008199999999999999,781.616125,52.77987421383648,LOW
1778004930.3643534,1.1,43.333333333333336,43.0,0.008199999999999999,771.2325000000001,52.817610062893074,LOW
1778004936.8807247,1.9,42.333333333333336,41.0,0.008199999999999999,837.4158749999999,52.817610062893074,LOW
1778004943.4702556,1.6,42.0,42.0,0.008199999999999999,525.0264999999999,52.855345911949684,LOW
1778004950.0233488,1.1,41.333333333333336,41.0,0.008199999999999999,525.041375,52.855345911949684,LOW
1778004961.6823432,1.3,41.333333333333336,41.0,0.008199999999999999,742.864,52.918238993710695,LOW
1778004973.3713155,1.1,41.0,41.0,0.008199999999999999,462.50225,52.918238993710695,LOW
1778004985.2482622,1.0,40.666666666666664,40.0,0.008199999999999999,525.001125,52.918238993710695,LOW
1778004996.8213267,1.4,40.333333333333336,40.0,0.008199999999999999,621.063,52.918238993710695,LOW
1778005008.393885,1.0,40.0,40.0,0.008199999999999999,676.6835,52.918238993710695,LOW
1778005014.9444294,1.0,39.666666666666664,39.0,0.008199999999999999,650.0163749999999,52.943396226415096,LOW
1778005021.407203,1.3,40.0,41.0,0.008199999999999999,525.005375,52.943396226415096,LOW
1778005033.03376,0.9,39.666666666666664,39.0,0.008199999999999999,539.377,52.9559748427673,LOW
1778005039.7231145,2.5,40.0,40.0,0.008199999999999999,525.00725,52.9559748427673,LOW
1778005046.1962154,1.0,39.333333333333336,39.0,0.008199999999999999,525.013125,52.9559748427673,LOW
1778005052.7309616,1.4,39.333333333333336,39.0,0.008199999999999999,775.022125,52.943396226415096,LOW
1778005059.287041,0.9,39.666666666666664,41.0,0.008199999999999999,525.0108749999999,35.29559748427673,LOW
1778005065.7984936,1.4,39.666666666666664,39.0,0.008199999999999999,595.993125,17.647798742138367,LOW
1778005072.315441,0.8,39.666666666666664,39.0,0.008199999999999999,650.010125,0.0,LOW
1778005078.8423476,0.8,39.0,39.0,0.008199999999999999,775.0174999999999,0.0,LOW
1778005090.5267508,15.9,39.666666666666664,41.0,0.008199999999999999,799.99125,0.0,LOW
1778005102.2470555,18.2,40.333333333333336,41.0,0.008199999999999999,785.983625,0.0,LOW
1778005108.9554002,14.7,41.0,41.0,0.008199999999999999,800.12475,0.0,LOW
1778005115.7091227,14.5,41.333333333333336,42.0,0.008199999999999999,799.994375,0.0,LOW
1778005122.6751177,17.1,42.0,43.0,0.008199999999999999,800.0941250000001,0.0,LOW
1778005129.9427402,15.7,42.666666666666664,43.0,0.008199999999999999,800.086875,0.0,LOW
1778005136.5509915,19.6,43.333333333333336,44.0,0.008199999999999999,799.979125,0.0,LOW
1778005143.2379148,23.1,43.333333333333336,43.0,0.008199999999999999,2864.873625,0.0,LOW
1778005149.807334,21.0,43.333333333333336,43.0,0.008199999999999999,800.153,0.0,LOW
1778005156.5694807,16.8,43.0,43.0,0.008199999999999999,800.0645000000001,0.0,LOW
1778005163.0570576,14.4,43.333333333333336,44.0,0.008199999999999999,800.221625,0.0,LOW
1778005169.626082,16.1,43.666666666666664,44.0,0.008199999999999999,800.12875,0.0,LOW
1778005176.1630754,16.0,44.0,44.0,0.008199999999999999,800.0108750000002,0.0,LOW
1778005182.7228723,20.0,44.333333333333336,45.0,0.008199999999999999,800.11825,0.0,LOW
1778005189.208976,23.5,44.333333333333336,44.0,0.008199999999999999,799.8687500000001,0.0,LOW
1778005195.8453128,17.6,44.666666666666664,45.0,0.008199999999999999,800.11475,0.0,LOW
1778005202.3893862,16.0,44.666666666666664,45.0,0.008199999999999999,799.971375,0.0,LOW
1778005208.994241,14.9,45.0,45.0,0.008199999999999999,749.485625,0.0,LOW
1778005215.5477283,17.8,45.0,45.0,0.008199999999999999,799.965,0.0,LOW
1778005227.1249983,20.4,45.333333333333336,46.0,0.008199999999999999,800.078875,0.0,LOW
1778005233.6085603,16.8,46.333333333333336,48.0,0.008199999999999999,800.03,21.0062893081761,LOW
1778005240.204749,20.1,46.0,44.0,0.008199999999999999,800.177375,38.59119496855346,LOW
1778005246.8815641,19.3,45.333333333333336,44.0,0.008199999999999999,2400.065125,56.21383647798742,LOW
1778005253.3724556,16.2,44.0,44.0,0.008199999999999999,800.0166250000001,52.817610062893074,LOW
1778005259.9391356,15.9,43.666666666666664,43.0,0.008199999999999999,900.1796250000001,52.855345911949684,LOW
1778005267.1598384,21.8,43.333333333333336,43.0,0.008199999999999999,800.1025000000001,52.855345911949684,LOW
1778005273.7137446,18.5,43.0,43.0,0.008199999999999999,800.0203750000001,52.86792452830188,LOW
1778005285.2844474,17.3,43.0,43.0,0.008199999999999999,800.013875,52.89308176100629,LOW
1778005296.9577117,17.0,42.666666666666664,42.0,0.008199999999999999,800.1100000000001,52.918238993710695,LOW
1778005303.6122577,17.1,42.333333333333336,42.0,0.008199999999999999,800.187,52.943396226415096,LOW
1778005310.1602569,16.6,42.333333333333336,43.0,0.008199999999999999,792.922375,52.943396226415096,LOW
1778005321.7361047,17.1,42.333333333333336,42.0,0.008199999999999999,800.0186250000002,52.943396226415096,LOW
1778005328.4977539,19.9,42.333333333333336,42.0,0.008199999999999999,1045.266875,52.943396226415096,LOW
1778005334.9568253,18.1,43.0,45.0,0.008199999999999999,800.1366249999999,52.943396226415096,LOW
1778005341.5387504,18.3,43.0,42.0,0.008199999999999999,1600.065,52.943396226415096,LOW
1778005348.0515072,17.5,43.333333333333336,43.0,0.008199999999999999,1200.015875,52.9559748427673,LOW
1778005354.561538,17.1,42.333333333333336,42.0,0.008199999999999999,800.1575,52.9937106918239,LOW
1778005361.1626327,18.3,42.333333333333336,42.0,0.008199999999999999,800.2522500000001,53.0314465408805,LOW
1778005367.749167,20.3,42.0,42.0,0.008199999999999999,800.1288750000001,53.0188679245283,LOW
1778005374.3711908,17.2,42.0,42.0,0.008199999999999999,1200.021125,53.0062893081761,LOW
1778005381.2926564,13.6,42.0,42.0,0.008199999999999999,600.0095,52.9685534591195,LOW
1778005387.8871593,0.9,41.666666666666664,41.0,0.008199999999999999,649.994375,52.9937106918239,LOW
1778005399.4765475,1.1,41.0,40.0,0.008199999999999999,462.50237500000003,52.9937106918239,LOW
1778005411.0294964,1.4,40.666666666666664,41.0,0.008199999999999999,400.0,52.9937106918239,LOW
1778005422.7022245,1.6,40.666666666666664,41.0,0.008199999999999999,400.0,53.0062893081761,LOW
1778005430.383393,7.4,40.666666666666664,40.0,0.008199999999999999,462.53499999999997,53.0188679245283,LOW
1778005436.8693502,1.3,40.666666666666664,41.0,0.008199999999999999,712.52325,53.0440251572327,LOW
1778005443.4021957,1.6,40.666666666666664,41.0,0.008199999999999999,587.523125,53.0440251572327,LOW
1778005454.9587026,0.9,40.666666666666664,40.0,0.008199999999999999,462.503875,53.0314465408805,LOW
1778005466.632612,1.4,40.0,39.0,0.008199999999999999,462.50225,53.0188679245283,LOW
1778005473.287945,6.3,39.666666666666664,40.0,0.008199999999999999,753.3425,52.9811320754717,LOW
1778005479.9737668,1.1,39.666666666666664,40.0,0.008199999999999999,462.50575000000003,52.9559748427673,LOW
1778005491.9239702,0.8,39.666666666666664,39.0,0.008199999999999999,462.500625,35.29559748427673,LOW
1778005503.598573,1.3,39.666666666666664,40.0,0.008199999999999999,589.983875,17.647798742138367,LOW
1778005515.2737467,1.6,40.0,41.0,0.008199999999999999,462.50325,0.0,LOW
1778005521.7332263,2.3,41.0,42.0,0.008199999999999999,650.029625,0.0,LOW
1778005528.188409,1.4,41.333333333333336,41.0,0.008199999999999999,719.16625,0.0,LOW
1778005534.83653,1.4,41.333333333333336,41.0,0.008199999999999999,712.525625,0.0,LOW
1778005541.5884411,0.8,41.0,41.0,0.008199999999999999,650.0453749999999,0.0,LOW
1778005548.1014369,15.9,41.0,41.0,0.008199999999999999,800.2472499999999,0.0,LOW
1778005554.5997298,15.8,41.0,41.0,0.008199999999999999,800.0314999999999,0.0,LOW
1778005561.5412424,15.5,41.0,41.0,0.008199999999999999,800.003625,0.0,LOW
1778005568.20389,16.4,41.333333333333336,42.0,0.008199999999999999,800.001625,0.0,LOW
1778005574.8743923,13.8,41.666666666666664,42.0,0.008199999999999999,800.068125,0.0,LOW
1778005581.3885872,17.2,42.0,42.0,0.008199999999999999,800.115875,0.0,LOW
1778005587.9813256,16.4,42.0,42.0,0.008199999999999999,800.1811250000001,0.0,LOW
1778005594.6270368,15.8,42.333333333333336,43.0,0.008199999999999999,799.9834999999999,0.0,LOW
1778005601.1277092,20.6,42.666666666666664,43.0,0.008199999999999999,800.0145,0.0,LOW
1778005607.8100715,27.5,43.0,43.0,0.008199999999999999,900.0096250000001,0.0,LOW
1778005615.117935,14.7,43.0,43.0,0.008199999999999999,800.1861250000001,0.0,LOW
1778005621.7246847,25.5,43.0,43.0,0.008199999999999999,799.4603749999999,0.0,LOW
1778005628.2891762,19.8,43.333333333333336,44.0,0.008199999999999999,899.9981250000001,0.0,LOW
1778005634.7418826,16.0,43.333333333333336,43.0,0.008199999999999999,800.0273749999999,0.0,LOW
1778005641.331348,17.3,43.666666666666664,44.0,0.008199999999999999,800.1666250000001,0.0,LOW
1778005647.888834,15.5,43.666666666666664,44.0,0.008199999999999999,800.0288750000001,0.0,LOW
1778005654.333648,15.1,44.0,44.0,0.008199999999999999,800.109875,0.0,LOW
1778005660.866612,29.7,44.0,44.0,0.008199999999999999,2000.181125,0.0,LOW
1778005667.32317,22.6,44.0,44.0,0.008199999999999999,800.048875,0.0,LOW
1778005673.937064,4.9,44.333333333333336,45.0,0.008199999999999999,800.097,0.0,LOW